Tree node ID	Genus	Genus_new
037-NO2-03.bin.1.193'	OLB10	Jeddahiana
013-IT-11.bin.1.124'	Novosphingobium	Novosphingobium
016-PL-06.bin.1.5'	Mesorhizobium_G	Mesorhizobium_G
004-NL-18.bin.1.309'	Propionivibrio	Propionivibrio
041-UK2-07.bin.1.426'	Azonexus	Azonexus
006-MY-06.bin.c.45'	JADIYM01	Lumpuribacterium
035-MX-06.bin.1.32'	JADJBW01	Potosimorpha
063-AU-32.bin.1.219'	JABWCE01	Pincourtiana
061-AU-11.bin.1.112'	VBCG01	VBCG01
004-NL-18.bin.2.186'	JAAKGP01	Rotterdamiella
028-AU-34.bin.1.325'	Marimicrobium	Marimicrobium
011-CY-01.bin.1.362'	Rubrivivax	Rubrivivax
071-HK-01.bin.1.58'	UBA964	Anglicoccus
052-CH-10.bin.1.119'	Tabrizicola	Tabrizicola
058-AR-20.bin.1.186'	Aestuariivirga	Aestuariivirga
083-NL-13.bin.1.381'	UBA10799	Newcastleum
063-AU-32.bin.1.155'	Ferruginibacter	Ferruginibacter
090-US1-124.bin.1.717'	Flavobacterium	Flavobacterium
032-ES-07.bin.1.207'	RXIV01	Barcelonousia
001-SG-02.bin.2.200'	67-14	67-14
053-PL-24.bin.1.591'	ZC4RG30	Thuwalimonas
021-CZ-11.bin.1.329'	Nitrosomonas	Nitrosomonas
094-US2-01.bin.1.358'	Labilithrix	Labilithrix
090-US1-124.bin.1.571'	TMP-24	Haagium
065-CA-03.bin.1.197'	OLB17	Yanbumicrobium
045-US1-87.bin.1.495'	JACKQF01	Punevivens
027-AU-18.bin.1.2'	Pirellula_B	Pirellula_B
023-IN-14.bin.1.304'	Defluviicoccus	Defluviicoccus
040-UK-14.bin.1.460'	JAGPCH01	Thuwalibacter
073-IL-01.bin.1.849'	JAGQSZ01	Leoniana
058-AR-20.bin.1.176'	UBA7239	Pincourtisoma
035-MX-06.bin.1.6'	UBA5518	Zurichimorpha
014-ES-23.bin.c.10'	Pseudobdellovibrio	Pseudobdellovibrio
045-US1-87.bin.1.37'	QY30	Espooum
040-UK-14.bin.1.190'	PFJX01	Shevamonas
017-IL-02.bin.1.504'	Phosphoribacter	Phosphoribacter
008-AR-23.bin.1.434'	UBA4416	Potosius
073-IL-01.bin.1.133'	JAEUMD01	Nestemiceousia
017-IL-02.bin.1.274'	UBA6669	Zillertaliella
064-CA-01.bin.c.11'	Mycobacterium	Mycobacterium
043-US1-27.bin.1.342'	JJ008	Olathebacter
017-IL-02.bin.1.255'	JARSSO01	Morpethibacter
053-PL-24.bin.1.493'	Aquabacterium	Aquabacterium
014-ES-23.bin.1.416'	UBA7672	Ittigenibacterium
076-IN-18.bin.1.12'	CADEFD01	CADEFD01
035-MX-06.bin.1.88'	Methylophosphatis	Methylophosphatis
060-AU-05.bin.1.144'	Aquihabitans	Aquihabitans
008-AR-23.bin.1.344'	WYBB01	Haagiplasma
009-AU-01.bin.1.80'	Paludibacter	Paludibacter
065-CA-03.bin.1.251'	UBA2031	Karnatakaria
053-PL-24.bin.2.317'	V1-33	Chicopeebacter
063-AU-32.bin.c.21'	RPQJ01	RPQJ01
043-US1-27.bin.2.125'	JAEUWI01	Sydneycoccus
028-AU-34.bin.1.275'	PHOS-HE28	PHOS-HE28
091-US1-126.bin.c.23'	UBA2329	Varelavivens
028-AU-34.bin.1.230'	OLB9	Randabergiula
066-CH-22.bin.1.152'	JADJVJ01	Warsawicoccus
027-AU-18.bin.1.120'	JADJVK01	Hongkongium
020-NO1-03.bin.1.469'	SSF14	SSF14
087-SA-04.bin.1.353'	Promineifilum	Promineifilum
020-NO1-03.bin.1.403'	Daejeonella	Daejeonella
063-AU-32.bin.1.252'	F1-60-MAGs163	Josebacter
018-CH-08.bin.1.184'	Phenylobacterium	Phenylobacterium
066-CH-22.bin.1.569'	Sediminibacterium	Sediminibacterium
053-PL-24.bin.1.433'	OLB11	Lleidaella
028-AU-34.bin.1.403'	ELB16-189	Montevideoana
065-CA-03.bin.1.267'	JADJXV01	Bonzium
091-US1-126.bin.1.343'	Micropruina	Micropruina
043-US1-27.bin.1.122'	VFMC01	Limassolivita
021-CZ-11.bin.1.6'	SSSZ01	Chicopeemonas
071-HK-01.bin.1.379'	Quisquiliibacterium	Quisquiliibacterium
009-AU-01.bin.1.72'	M3007	Montevideovita
052-CH-10.bin.2.341'	Acidovorax	Acidovorax
009-AU-01.bin.1.75'	JADKHK01	Deurnemicrobium
026-AT-03.bin.2.33'	Anatilimnocola	Anatilimnocola
066-CH-22.bin.1.32'	WHSN01	Karnatakaum
098-UY-13.bin.1.121'	SXSK01	Montevideoaria
043-US1-27.bin.1.163'	Vitreimonas	Vitreimonas
014-ES-23.bin.2.36'	JBEISR01	Shevaousia
028-AU-34.bin.1.61'	Rhodoplanes	Rhodoplanes
036-NL-06.bin.1.521'	Aurantibacillus	Aurantibacillus
059-AT-02.bin.1.302'	Ottowia	Ottowia
015-DE-14.bin.2.151'	Agitococcus	Agitococcus
052-CH-10.bin.1.192'	Methyloversatilis	Methyloversatilis
017-IL-02.bin.1.27'	Nitrotoga	Nitrotoga
013-IT-11.bin.2.346'	TH-plancto1	Bonnybrookisoma
018-CH-08.bin.1.561'	Villigracilis	Villigracilis
089-SG-01.bin.1.87'	Arenimonas	Arenimonas
058-AR-20.bin.1.142'	Pseudogemmobacter	Pseudogemmobacter
062-AU-26.bin.1.41'	CADEFQ01	Rotterdamiula
052-CH-10.bin.1.90'	Aquisediminimonas	Aquisediminimonas
036-NL-06.bin.1.265'	UBA4408	Gentiaria
058-AR-20.bin.1.465'	Inhella	Inhella
067-CH-23.bin.1.124'	JAEUIE01	Yanbuplasma
050-BE-09.bin.1.665'	Parvibacillus	Parvibacillus
008-AR-23.bin.1.381'	JADLDI01	Zillertalivita
015-DE-14.bin.c.1'	Cypionkella	Cypionkella
032-ES-07.bin.2.219'	Aureliella	Aureliella
014-ES-23.bin.1.319'	Rhodoferax	Rhodoferax
034-IT-09.bin.1.492'	Phycicoccus_A	Phycicoccus_A
013-IT-11.bin.1.606'	CAITIQ01	Angliula
090-US1-124.bin.1.692'	Piscinibacter	Piscinibacter
043-US1-27.bin.1.517'	Devosia_A	Devosia_A
021-CZ-11.bin.1.691'	JAGPDF01	Durhamibacter
028-AU-34.bin.1.194'	Archangium_A	Archangium_A
027-AU-18.bin.1.140'	CAIMTB01	Woodfordiula
035-MX-06.bin.1.274'	Nitrospira_A	Nitrospira_A
040-UK-14.bin.1.61'	Vicinibacter	Vicinibacter
033-IN-11.bin.1.442'	JACTMI01	Haagimorpha
002-MX-07.bin.1.119'	JADKIY01	Durhamimorpha
038-SE-10.bin.1.18'	Hyphomicrobium_B	Hyphomicrobium_B
013-IT-11.bin.1.129'	JAGQSI01	Leonium
018-CH-08.bin.1.247'	Lacunisphaera	Lacunisphaera
036-NL-06.bin.1.206'	Obscuribacter	Obscuribacter
015-DE-14.bin.1.95'	Ga0077523	Yanbubacter
025-FI-01.bin.1.451'	Nostocoides_A	Nostocoides_A
018-CH-08.bin.1.366'	PBB1	PBB1
014-ES-23.bin.1.37'	Proximibacter	Proximibacter
016-PL-06.bin.1.76'	Ruminococcoides	Ruminococcoides
008-AR-23.bin.1.350'	Gordonia	Gordonia
061-AU-11.bin.1.630'	Tepidiforma	Tepidiforma
078-MX-10.bin.1.111'	Nocardioides	Nocardioides
023-IN-14.bin.1.444'	JADJPL01	Potosiplasma
019-HK-04.bin.1.103'	Hydrogenophaga	Hydrogenophaga
027-AU-18.bin.1.31'	JAAZBK01	Karnatakacella
001-SG-02.bin.1.226'	Competibacter_A	Competibacter_A
058-AR-20.bin.1.199'	SXXK01	Josemonas
001-SG-02.bin.1.135'	UBA2033	Hongkongisoma
017-IL-02.bin.1.51'	JAAFHV01	Oslococcus
016-PL-06.bin.1.122'	Albidovulum	Albidovulum
098-UY-13.bin.1.328'	Rhodoferax_C	Rhodoferax_C
064-CA-01.bin.1.307'	Amarobacillus	Amarobacillus
001-SG-02.bin.1.95'	JAIBCL01	Puneousia
090-US1-124.bin.1.295'	JABFRJ01	Morpethiaria
095-US2-13.bin.1.640'	JAGQSN01	Telaviviplasma
098-UY-13.bin.1.166'	Zoogloea	Zoogloea
014-ES-23.bin.1.210'	Sphaerotilus	Sphaerotilus
023-IN-14.bin.1.603'	Dermatobacter	Dermatobacter
017-IL-02.bin.1.19'	UBA2376	Kelownamorpha
002-MX-07.bin.1.567'	Accumulibacter	Accumulibacter
002-MX-07.bin.1.575'	AWTP1-13	Olatheus
073-IL-01.bin.1.863'	Baekduia	Baekduia
091-US1-126.bin.1.353'	Ancrocorticia	Ancrocorticia
067-CH-23.bin.1.322'	Sphingobium	Sphingobium
053-PL-24.bin.1.182'	Dokdonella	Dokdonella
009-AU-01.bin.1.280'	CAIKUF01	Glenelgivita
055-AR-06.bin.1.59'	Aeromonas	Aeromonas
013-IT-11.bin.2.487'	UBA9464	Newcastleousia
036-NL-06.bin.1.760'	UBA4417	Berazateguiaria
090-US1-124.bin.1.30'	SZUA-430	Bolivarivita
004-NL-18.bin.1.123'	SCUS01	Woodfordicella
073-IL-01.bin.1.81'	Paracoccus	Paracoccus
062-AU-26.bin.1.211'	JADJLQ01	Josecoccus
035-MX-06.bin.1.451'	Thauera	Thauera
032-ES-07.bin.1.17'	JALNZU01	Dahejiula
025-FI-01.bin.1.274'	JAJXWB01	Lisboaria
089-SG-01.bin.1.327'	JAKOUY01	Telavivousia
090-US1-124.bin.c.8'	Rugosibacter	Rugosibacter
065-CA-03.bin.1.128'	Fredericiella	Fredericiella
046-US2-03.bin.1.425'	Sulfuritalea	Sulfuritalea
034-IT-09.bin.1.12'	UBA10649	UBA10649
094-US2-01.bin.1.789'	JADJRG01	JADJRG01
037-NO2-03.bin.1.67'	Microbacterium	Microbacterium
073-IL-01.bin.1.239'	UBA2353	Bonzicella
043-US1-27.bin.1.249'	2-12-FULL-35-15	Espoomorpha
012-PT-06.bin.1.125'	AAP99	Neustadtius
008-AR-23.bin.1.642'	RAM1	Lisboamicrobium
038-SE-10.bin.1.73'	JANMEX01	Lidingovita
063-AU-32.bin.1.230'	JADJGJ01	Glenelgisoma
059-AT-02.bin.1.55'	JADJSS01	Woodfordiana
025-FI-01.bin.1.312'	CAISKJ01	CAISKJ01
008-AR-23.bin.2.57'	UBA5069	UBA5069
093-US1-47.bin.1.555'	Fen-999	Lidingous
063-AU-32.bin.1.12'	Microthrix	Microthrix
004-NL-18.bin.1.6'	JAEUQQ01	JAEUQQ01
010-BE-17.bin.1.109'	JADJJE01	Randabergousia
066-CH-22.bin.1.540'	JBAOHV01	Leonibacter
052-CH-10.bin.1.502'	UBA668	UBA668
090-US1-124.bin.1.494'	Reyranella	Reyranella
082-NL-09.bin.c.2'	Hyphomicrobium_C	Hyphomicrobium_C
058-AR-20.bin.1.120'	Sphingorhabdus_B	Sphingorhabdus_B
093-US1-47.bin.1.205'	JADJJR01	Telavivibacterium
050-BE-09.bin.1.437'	SCN-70-22	Jeddahius
008-AR-23.bin.1.72'	Mesorhizobium_I	Mesorhizobium_I
072-HK-05.bin.1.25'	JABDGM01	Morpethisoma
036-NL-06.bin.1.495'	JAGNNV01	Plzenisoma
035-MX-06.bin.1.203'	Marmoricola	Marmoricola
060-AU-05.bin.1.354'	JADKJB01	Morpethimorpha
018-CH-08.bin.1.178'	CAIXRL01	Yanbumorpha
006-MY-06.bin.1.149'	JADZAI01	Lumpurousia
015-DE-14.bin.1.300'	DASXPC01	Woodfordiaria
017-IL-02.bin.1.635'	CAISIP01	Oslobacter
004-NL-18.bin.2.356'	IGN3	Dahejium
040-UK-14.bin.1.542'	Aquabacterium_A	Aquabacterium_A
063-AU-32.bin.c.25'	JAGNTT01	Woodfordiella
052-CH-10.bin.1.189'	JADLHS01	Varelabacter
025-FI-01.bin.1.273'	JAEUUZ01	Karnatakaula
014-ES-23.bin.1.136'	UBA7236	Potosiana
003-CA-05.bin.1.10'	JABFXX01	Olathecella
065-CA-03.bin.1.625'	JADZDL01	Potosiella
002-MX-07.bin.1.328'	CAJCBL01	Morpethicella
003-CA-05.bin.1.72'	Leadbetterella	Leadbetterella
002-MX-07.bin.1.716'	CALMFQ01	CALMFQ01
040-UK-14.bin.1.135'	JAMIFN01	Bentosiula
062-AU-26.bin.1.204'	JADJEF01	Zurichibacter
020-NO1-03.bin.1.99'	JAEUNB01	Oslousia
065-CA-03.bin.1.148'	Draconibacterium	Draconibacterium
023-IN-14.bin.1.553'	Thermomonas	Thermomonas
064-CA-01.bin.1.149'	JADKIH01	Espoococcus
061-AU-11.bin.1.332'	Lutibacillus	Lutibacillus
048-UY-15.bin.2.114'	Romboutsia	Romboutsia
078-MX-10.bin.1.612'	JADKAV01	JADKAV01
023-IN-14.bin.2.241'	Fluviicoccus	Fluviicoccus
043-US1-27.bin.c.15'	M0108	Berazateguius
048-UY-15.bin.1.210'	JADKBO01	Chicopeeus
029-CA-06.bin.1.84'	Propioniciclava	Propioniciclava
042-US1-105.bin.c.20'	Competibacter	Competibacter
011-CY-01.bin.2.80'	JAAEKA01	Woodfordium
042-US1-105.bin.2.126'	Aliarcobacter	Aliarcobacter
017-IL-02.bin.1.135'	Denitratimonas	Denitratimonas
040-UK-14.bin.1.269'	JADKHR01	Nestemicevita
076-IN-18.bin.1.728'	Thiothrix	Thiothrix
042-US1-105.bin.c.24'	JAGXIT01	Telaviviula
046-US2-03.bin.1.433'	Lacipirellula	Lacipirellula
072-HK-05.bin.1.212'	JADKHE01	Hongkongiana
042-US1-105.bin.1.259'	JAEUKA01	JAEUKA01
014-ES-23.bin.1.375'	Bog-950	Josearia
034-IT-09.bin.1.358'	Opimibacter	Opimibacter
036-NL-06.bin.1.318'	CAIWHR01	Singaporiana
012-PT-06.bin.1.383'	Desulfobacillus	Desulfobacillus
013-IT-11.bin.1.108'	OLB5	Kalispellisoma
020-NO1-03.bin.2.161'	JBBQCW01	Osloplasma
034-IT-09.bin.c.15'	JADLGJ01	Emiliana
018-CH-08.bin.2.227'	JAEUJQ01	Sydneyvivens
076-IN-18.bin.1.537'	JAWKJK01	Dahejibacter
090-US1-124.bin.1.337'	Casimicrobium	Casimicrobium
014-ES-23.bin.1.435'	Prosthecobacter	Prosthecobacter
062-AU-26.bin.1.98'	Simplicispira	Simplicispira
004-NL-18.bin.1.466'	JADKJP01	Oslocella
027-AU-18.bin.c.8'	JAIXLE01	Sydneyplasma
008-AR-23.bin.1.298'	CAIKXD01	Dubendorfium
017-IL-02.bin.1.118'	JAGQHB01	Deurnevita
035-MX-06.bin.1.258'	FEB-7	FEB-7
099-UY-16.bin.1.290'	Pseudomonas_E	Pseudomonas_E
018-CH-08.bin.c.9'	JALHOQ01	Zurichisoma
090-US1-124.bin.1.484'	JAFLCP01	JAFLCP01
002-MX-07.bin.2.25'	Nitrospira_D	Nitrospira_D
016-PL-06.bin.1.333'	UBA11034	Warsawiplasma
098-UY-13.bin.1.516'	Trichococcus	Trichococcus
011-CY-01.bin.1.245'	Ga0077555	Nestemiceum
018-CH-08.bin.1.423'	Ideonella	Ideonella
041-UK2-07.bin.1.163'	JBEIFN01	Bonziula
012-PT-06.bin.2.575'	Brachythrix	Brachythrix
018-CH-08.bin.2.379'	Acinetobacter	Acinetobacter
018-CH-08.bin.1.272'	JAEUUX01	JAEUUX01
064-CA-01.bin.1.64'	JACJWR01	Saskatonicella
061-AU-11.bin.2.99'	Nannocystis	Nannocystis
008-AR-23.bin.2.319'	CFX2	Rotterdamiaria
095-US2-13.bin.1.487'	Ga0074137	Dubendorfiula
035-MX-06.bin.1.119'	Lentimicrobium	Lentimicrobium
035-MX-06.bin.1.145'	Geothrix	Geothrix
008-AR-23.bin.1.619'	JAEUJT01	Montevideous
066-CH-22.bin.2.119'	Ga0077546	Dubendorfiaria
019-HK-04.bin.1.611'	DUSC01	Nestemicemonas
016-PL-06.bin.1.797'	JBBSAT01	Nestemicesoma
017-IL-02.bin.1.567'	Fodinibacter	Fodinibacter
058-AR-20.bin.c.12'	Haliscomenobacter	Haliscomenobacter
035-MX-06.bin.2.3'	UBA2386	Zillertalousia
071-HK-01.bin.1.137'	Streptococcus	Streptococcus
098-UY-13.bin.c.25'	DAISWL01	Punemicrobium
041-UK2-07.bin.1.139'	JAGOYM01	Newcastlevita
043-US1-27.bin.1.157'	Turneriella	Turneriella
039-SE-29.bin.1.95'	JADKCL01	JADKCL01
065-CA-03.bin.1.69'	JADIYW01	Melbournisoma
094-US2-01.bin.1.160'	Ga0077550	Chicopeearia
093-US1-47.bin.1.164'	JAEUKQ01	Montevideosoma
037-NO2-03.bin.1.485'	JAAFJR01	Melbournicella
