query,target,evalue,bitscore,inclusion,genome,coordinates,accession
8TM_EpsH,NZ_LSJM01000201.1_11,6.6e-44,148.1,1,GCF_001557215.1,12810_14030_-1,NZ_LSJM01000201.1
8TM_EpsH,NZ_LSJM01000461.1_16,6.6e-05,20.4,1,GCF_001557215.1,16317_16571_1,NZ_LSJM01000461.1
8TM_EpsH,NZ_CANMPJ010000001.1_1348,7.5e-48,160.7,1,GCF_947499705.1,1452315_1453346_-1,NZ_CANMPJ010000001.1
8TM_EpsH,NZ_RSEK01000019.1_10,1.6e-36,123.4,1,GCF_003958635.1,8256_9140_-1,NZ_RSEK01000019.1
8TM_EpsH,NZ_JARBWD010000001.1_1933,1.6e-52,175.8,1,GCF_030140925.1,2008038_2009600_-1,NZ_JARBWD010000001.1
8TM_EpsH,NZ_CANLMB010000001.1_962,4.2e-49,164.6,1,GCF_947492365.1,1006563_1007594_-1,NZ_CANLMB010000001.1
8TM_EpsH,NZ_NMUA01000001.1_117,3.3e-55,185.3,1,GCF_002312805.1,128189_129724_1,NZ_NMUA01000001.1
8TM_EpsH,RCZF01000001.1_911,1.4e-54,182.8,1,GCA_006438735.1,962388_963995_-1,RCZF01000001.1
8TM_EpsH,NZ_JAIUZO010000002.1_2437,2.9e-52,174.8,1,GCF_020171365.1,2497282_2498280_1,NZ_JAIUZO010000002.1
8TM_EpsH,NZ_JAINVV010000002.1_18,1.1e-56,190.4,1,GCF_019880585.1,17844_19385_1,NZ_JAINVV010000002.1
8TM_EpsH,NZ_VLKJ01000001.1_216,1.6e-50,169.7,1,GCF_007830315.1,223678_225246_-1,NZ_VLKJ01000001.1
8TM_EpsH,NZ_NBBI01000002.1_690,7.4e-55,183.6,1,GCF_002197685.1,726263_727783_1,NZ_NBBI01000002.1
8TM_EpsH,NZ_CP031155.1_249,3.5e-56,187.7,1,GCF_003344885.1,252958_254520_-1,NZ_CP031155.1
8TM_EpsH,NZ_CP102384.1_602,4.9e-42,142.1,1,GCF_024628865.1,660137_661615_1,NZ_CP102384.1
8TM_EpsH,NZ_ALBQ01000059.1_81,4.2e-36,122.4,1,GCF_000282895.1,73579_74460_-1,NZ_ALBQ01000059.1
8TM_EpsH,NZ_PGEN01000001.1_4130,8.8e-58,193.5,1,GCF_002797435.1,4349674_4351212_1,NZ_PGEN01000001.1
8TM_EpsH,CANLCX010000002.1_58,1e-57,193.1,1,GCA_947489315.1,59279_60829_-1,CANLCX010000002.1
8TM_EpsH,CANLCX010000005.1_39,3e-38,129.4,1,GCA_947489315.1,44553_45431_1,CANLCX010000005.1
8TM_EpsH,NZ_LDES01000033.1_90,8.7e-42,141.5,1,GCF_001015195.1,79542_80453_-1,NZ_LDES01000033.1
8TM_EpsH,NZ_LMPG01000014.1_142,4e-51,171.4,1,GCF_001423765.1,140382_141881_-1,NZ_LMPG01000014.1
8TM_EpsH,NZ_LMPG01000001.1_856,4.5e-40,135.2,1,GCF_001423765.1,961672_962478_1,NZ_LMPG01000001.1
8TM_EpsH,NZ_LMPG01000017.1_6,2e-38,129.8,1,GCF_001423765.1,5163_6083_1,NZ_LMPG01000017.1
8TM_EpsH,NZ_CP102664.1_566,1.6e-54,183.1,1,GCF_026427355.1,588997_590520_1,NZ_CP102664.1
8TM_EpsH,NZ_WTYI01000001.1_812,6e-51,170.4,1,GCF_009827445.1,838915_839910_1,NZ_WTYI01000001.1
8TM_EpsH,NZ_BNAQ01000004.1_290,3.3e-60,201.5,1,GCF_014653575.1,310267_311796_1,NZ_BNAQ01000004.1
8TM_EpsH,NZ_CP039250.1_1276,3.3e-42,142.5,1,GCF_004795895.1,1378370_1379848_1,NZ_CP039250.1
8TM_EpsH,CANLVN010000003.1_687,5.7e-47,157.7,1,GCA_947494705.1,733133_734110_1,CANLVN010000003.1
8TM_EpsH,NZ_SMBO01000001.1_1089,1.4e-50,170.2,1,GCF_004342985.1,1231442_1233004_-1,NZ_SMBO01000001.1
8TM_EpsH,NZ_AKFJ01000012.1_31,3.8e-51,171.8,1,GCF_000272475.1,33907_35484_1,NZ_AKFJ01000012.1
8TM_EpsH,NZ_LSJS01000194.1_24,1.1e-49,166.9,1,GCF_001557325.1,25425_26429_-1,NZ_LSJS01000194.1
8TM_EpsH,NZ_JACLAW010000009.1_48,5.4e-53,177.6,1,GCF_014230315.1,59398_60951_1,NZ_JACLAW010000009.1
8TM_EpsH,NZ_JACIJH010000008.1_53,8.4e-43,144.4,1,GCF_014199295.1,56048_57559_1,NZ_JACIJH010000008.1
8TM_EpsH,NZ_SDSI01000002.1_109,2.3e-42,142.1,1,GCF_004153605.1,112362_113300_-1,NZ_SDSI01000002.1
8TM_EpsH,NZ_JACYUS010000001.1_579,5.6e-56,187.6,1,GCF_014841895.1,691099_692574_-1,NZ_JACYUS010000001.1
8TM_EpsH,NZ_BBJS01000011.1_17,1.6e-53,179.5,1,GCF_000739895.2,16630_18117_1,NZ_BBJS01000011.1
8TM_EpsH,NZ_VFIY01000018.1_78,1.4e-61,205.7,1,GCF_006385175.1,78503_80098_-1,NZ_VFIY01000018.1
8TM_EpsH,NZ_JAHWZX010000001.1_264,6.1e-60,200.2,1,GCF_019351405.1,280505_282043_-1,NZ_JAHWZX010000001.1
8TM_EpsH,NZ_JAIGNN010000002.1_260,8.9e-52,173.4,1,GCF_019711565.1,262178_263167_-1,NZ_JAIGNN010000002.1
8TM_EpsH,NZ_JANZXB010000013.1_45,1.9e-52,175.9,1,GCF_025371035.1,59352_60857_1,NZ_JANZXB010000013.1
8TM_EpsH,NZ_CP061205.1_1998,4.2e-39,132.1,1,GCF_015240255.1,2295061_2296590_1,NZ_CP061205.1
8TM_EpsH,NZ_RAHX01000001.1_753,3.2e-57,191.0,1,GCF_003605475.1,740858_742414_-1,NZ_RAHX01000001.1
8TM_EpsH,NZ_LXVY01000002.1_66,8.5e-38,128.3,1,GCF_001650735.1,64117_64998_1,NZ_LXVY01000002.1
8TM_EpsH,NZ_CP035501.1_4701,1.9e-52,176.5,1,GCF_004135585.1,5175044_5176600_1,NZ_CP035501.1
8TM_EpsH,NZ_CP097462.1_718,7.2e-41,137.6,1,GCF_023559245.1,720389_721306_-1,NZ_CP097462.1
8TM_EpsH,NZ_JARULD010000002.1_656,7.2e-52,173.6,1,GCF_029688735.1,667003_667938_1,NZ_JARULD010000002.1
8TM_EpsH,CP073261.1_2536,2.7e-53,178.4,1,GCA_019739335.1,2684133_2685689_1,CP073261.1
8TM_EpsH,CP073261.1_1853,0.23,8.3,0,GCA_019739335.1,1918299_1918901_1,CP073261.1
8TM_EpsH,NZ_JACLAU010000003.1_101,2.2e-52,175.7,1,GCF_014230305.1,118426_119973_-1,NZ_JACLAU010000003.1
8TM_EpsH,NZ_JACLAU010000065.1_2,9.3e-37,124.5,1,GCF_014230305.1,1279_2088_-1,NZ_JACLAU010000065.1
8TM_EpsH,JADKCA010000001.1_715,9.9e-53,176.8,1,GCA_016714795.1,744829_746370_1,JADKCA010000001.1
8TM_EpsH,NZ_LMHH01000001.1_1105,5.7e-53,177.5,1,GCF_001427865.1,1130129_1131145_-1,NZ_LMHH01000001.1
8TM_EpsH,NZ_FRDF01000005.1_26,4.4e-46,154.6,1,GCF_900143235.1,27267_28277_1,NZ_FRDF01000005.1
8TM_EpsH,NZ_WTYA01000005.1_26,4.6e-42,141.6,1,GCF_009828025.1,28673_29629_1,NZ_WTYA01000005.1
8TM_EpsH,NZ_QRDP01000004.1_639,7.7e-59,196.4,1,GCF_003385775.1,645532_647067_-1,NZ_QRDP01000004.1
8TM_EpsH,NZ_BBXA01000029.1_257,2.8e-52,175.5,1,GCF_001014975.1,299662_301218_1,NZ_BBXA01000029.1
8TM_EpsH,NZ_BBXA01000029.1_151,5.6e-35,118.8,1,GCF_001014975.1,161625_162554_1,NZ_BBXA01000029.1
8TM_EpsH,JAPWHG010000010.1_53,2.9e-41,139.5,1,GCA_027214145.1,54446_55375_-1,JAPWHG010000010.1
8TM_EpsH,NZ_NBBJ01000001.1_511,3.6e-54,181.3,1,GCF_002197665.1,531562_533082_1,NZ_NBBJ01000001.1
8TM_EpsH,NZ_CP082839.1_3495,4.7e-39,132.1,1,GCF_019930585.1,3760523_3761425_-1,NZ_CP082839.1
8TM_EpsH,NZ_JABWMH010000002.1_479,8.8e-54,180.0,1,GCF_013371215.1,509115_510668_1,NZ_JABWMH010000002.1
8TM_EpsH,NZ_NWMW01000001.1_808,5e-55,184.2,1,GCF_002351485.1,866564_868087_-1,NZ_NWMW01000001.1
8TM_EpsH,CANMUS010000001.1_264,1.5e-53,179.2,1,GCA_947501215.1,263593_264582_-1,CANMUS010000001.1
8TM_EpsH,NZ_JAINVU010000001.1_596,8.2e-55,183.5,1,GCF_019880555.1,650059_651645_1,NZ_JAINVU010000001.1
8TM_EpsH,NZ_SGIS01000001.1_246,7.6e-56,187.4,1,GCF_004208535.1,260012_261550_-1,NZ_SGIS01000001.1
8TM_EpsH,NZ_SGIS01000033.1_5,1.6e-25,88.1,1,GCF_004208535.1,4015_4911_1,NZ_SGIS01000033.1
8TM_EpsH,CANMOQ010000001.1_723,2.6e-50,168.6,1,GCA_947499505.1,776656_777699_-1,CANMOQ010000001.1
8TM_EpsH,NZ_CP117417.1_806,2.7e-42,142.9,1,GCF_028607105.1,930462_932003_1,NZ_CP117417.1
8TM_EpsH,NZ_JAATJC010000001.1_279,2.2e-35,119.6,1,GCF_011927725.1,300547_301437_1,NZ_JAATJC010000001.1
8TM_EpsH,NZ_JAHXZN010000002.1_114,1.1e-39,134.3,1,GCF_019429485.1,131883_132779_-1,NZ_JAHXZN010000002.1
8TM_EpsH,NZ_CH672390.1_1197,1.9e-47,159.2,1,GCF_000152865.1,1269039_1270070_-1,NZ_CH672390.1
8TM_EpsH,NZ_NIWD01000008.1_761,1.2e-42,144.1,1,GCF_002277025.1,837967_839478_1,NZ_NIWD01000008.1
8TM_EpsH,NZ_CP053021.1_1156,5.1e-52,175.1,1,GCF_013001025.1,1141259_1142794_1,NZ_CP053021.1
8TM_EpsH,NZ_FUYM01000009.1_71,1.7e-42,143.7,1,GCF_900167915.1,75268_76179_1,NZ_FUYM01000009.1
8TM_EpsH,NZ_BDJB01000002.1_33,4.5e-58,194.1,1,GCF_002117915.1,36875_38404_-1,NZ_BDJB01000002.1
8TM_EpsH,NZ_CP059851.1_2299,3.8e-37,125.6,1,GCF_014117445.1,2357037_2357930_-1,NZ_CP059851.1
8TM_EpsH,NZ_SLYF01000004.1_210,1.1e-52,176.7,1,GCF_004343105.1,231791_233266_-1,NZ_SLYF01000004.1
8TM_EpsH,NZ_JACEIB010000026.1_308,5.9e-55,184.3,1,GCF_013778325.1,312237_313760_-1,NZ_JACEIB010000026.1
8TM_EpsH,AYSC01000004.1_14,6.2e-52,174.2,1,GCA_000503195.1,14587_16134_-1,AYSC01000004.1
8TM_EpsH,NZ_JAFKMA010000001.1_1080,1.1e-52,176.3,1,GCF_017304635.1,1091283_1094006_-1,NZ_JAFKMA010000001.1
8TM_EpsH,NZ_JAFKMA010000003.1_402,1.7e-38,129.9,1,GCF_017304635.1,409598_410599_-1,NZ_JAFKMA010000003.1
8TM_EpsH,NZ_PHHF01000018.1_73,1.9e-39,133.5,1,GCF_003034225.1,70605_71417_-1,NZ_PHHF01000018.1
8TM_EpsH,NZ_JABBFV010000007.1_215,5.7e-54,181.3,1,GCF_012927105.1,228774_230309_-1,NZ_JABBFV010000007.1
8TM_EpsH,NZ_JAKLSQ010000004.1_45,1e-34,117.7,1,GCF_022014495.1,45510_46112_-1,NZ_JAKLSQ010000004.1
8TM_EpsH,NZ_JAKLSQ010000004.1_46,0.0001,19.5,1,GCF_022014495.1,46141_46413_-1,NZ_JAKLSQ010000004.1
8TM_EpsH,NZ_FNWK01000001.1_354,4.5e-46,155.1,1,GCF_900108295.1,400309_401787_-1,NZ_FNWK01000001.1
8TM_EpsH,NZ_FNWK01000002.1_23,1.8e-37,126.9,1,GCF_900108295.1,24417_25328_-1,NZ_FNWK01000002.1
8TM_EpsH,NZ_MDDS01000046.1_68,2.9e-56,188.5,1,GCF_001721295.1,80381_81937_-1,NZ_MDDS01000046.1
8TM_EpsH,NZ_MDDS01000068.1_115,4.5e-26,89.6,1,GCF_001721295.1,133747_134583_-1,NZ_MDDS01000068.1
8TM_EpsH,NZ_CP090370.1_1577,5e-55,183.9,1,GCF_021431965.1,1630041_1631600_1,NZ_CP090370.1
8TM_EpsH,NZ_PKRO01000004.1_70,6.6e-47,157.5,1,GCF_002855495.1,74580_75584_1,NZ_PKRO01000004.1
8TM_EpsH,NZ_SDPV01000001.1_649,1.5e-54,182.3,1,GCF_004135625.1,682998_684557_1,NZ_SDPV01000001.1
8TM_EpsH,NZ_LMKW01000001.1_365,7.4e-56,187.1,1,GCF_001421745.1,389653_391128_1,NZ_LMKW01000001.1
8TM_EpsH,NZ_CP079203.1_988,4.8e-53,177.9,1,GCF_019297835.1,1135913_1137421_-1,NZ_CP079203.1
8TM_EpsH,NZ_JAUTBJ010000002.1_1502,3.5e-54,181.6,1,GCF_030819175.1,1547108_1548613_1,NZ_JAUTBJ010000002.1
8TM_EpsH,NZ_CP016545.1_1808,1.1e-50,169.5,1,GCF_001687545.1,1845868_1847448_-1,NZ_CP016545.1
8TM_EpsH,CANNEK010000004.1_309,2.6e-52,175.4,1,GCA_947503625.1,348969_350501_1,CANNEK010000004.1
8TM_EpsH,CANNEK010000002.1_295,1.8e-07,28.6,1,GCA_947503625.1,330056_331390_1,CANNEK010000002.1
8TM_EpsH,NZ_SLXN01000006.1_4,3.6e-39,132.6,1,GCF_004345855.1,2982_3905_1,NZ_SLXN01000006.1
8TM_EpsH,NZ_CAKKNC010000005.1_139,2.1e-50,169.6,1,GCF_918741285.1,164344_165867_1,NZ_CAKKNC010000005.1
8TM_EpsH,NZ_CP086594.1_3150,1.6e-57,192.4,1,GCF_020866845.1,3373259_3374776_1,NZ_CP086594.1
8TM_EpsH,NZ_LMKE01000001.1_513,3.1e-58,194.8,1,GCF_001421245.1,537066_538586_1,NZ_LMKE01000001.1
8TM_EpsH,NZ_LZRP01000001.1_221,9.2e-54,180.0,1,GCF_001678665.1,235274_236290_-1,NZ_LZRP01000001.1
8TM_EpsH,NZ_LZRP01000014.1_14,2.9e-37,126.0,1,GCF_001678665.1,12941_13843_-1,NZ_LZRP01000014.1
8TM_EpsH,NZ_LZRP01000045.1_1,1e-16,58.7,1,GCF_001678665.1,156_380_1,NZ_LZRP01000045.1
8TM_EpsH,NZ_JAMFLH010000012.1_26,5.5e-52,174.0,1,GCF_023501975.1,27056_28606_1,NZ_JAMFLH010000012.1
8TM_EpsH,NZ_KE386571.1_3102,1.6e-41,140.1,1,GCF_000427645.1,3365993_3366919_1,NZ_KE386571.1
8TM_EpsH,NZ_JALNUP010000012.1_103,1.4e-54,182.9,1,GCF_026540855.1,106618_108150_-1,NZ_JALNUP010000012.1
8TM_EpsH,NZ_JACHNY010000003.1_135,1.8e-35,120.5,1,GCF_014199625.1,165883_166839_1,NZ_JACHNY010000003.1
8TM_EpsH,NZ_JAPDIR010000002.1_371,8.6e-57,190.4,1,GCF_029870595.1,394081_395634_1,NZ_JAPDIR010000002.1
8TM_EpsH,NZ_CP019511.1_333,3.7e-55,184.8,1,GCF_002002925.1,357371_358906_1,NZ_CP019511.1
8TM_EpsH,NZ_SGXR01000004.1_477,9.3e-57,190.0,1,GCF_004216825.1,524871_526346_1,NZ_SGXR01000004.1
8TM_EpsH,NZ_SGXR01000003.1_938,0.24,8.6,0,GCF_004216825.1,1048417_1049514_-1,NZ_SGXR01000003.1
8TM_EpsH,NZ_CP064654.1_1227,3.4e-49,164.9,1,GCF_015529805.1,1248857_1249828_-1,NZ_CP064654.1
8TM_EpsH,NZ_JADKYM010000004.1_111,4.5e-43,145.0,1,GCF_015475875.1,129194_130672_-1,NZ_JADKYM010000004.1
8TM_EpsH,NZ_JADKYM010000014.1_76,3.6e-37,125.7,1,GCF_015475875.1,83009_83923_-1,NZ_JADKYM010000014.1
8TM_EpsH,NC_007722.1_1342,1.7e-51,172.4,1,GCF_000013005.1,1413013_1414575_-1,NC_007722.1
8TM_EpsH,NZ_JAKNQQ010000003.1_319,2e-56,189.2,1,GCF_022662475.1,394088_395689_-1,NZ_JAKNQQ010000003.1
8TM_EpsH,NZ_JAKNQQ010000004.1_67,1.3e-38,130.8,1,GCF_022662475.1,72088_72981_-1,NZ_JAKNQQ010000004.1
8TM_EpsH,NZ_CP061035.1_1227,8.3e-58,193.6,1,GCF_016743815.1,1281784_1283331_1,NZ_CP061035.1
8TM_EpsH,NZ_CP061035.1_991,1.2e-34,117.7,1,GCF_016743815.1,1049695_1050537_1,NZ_CP061035.1
8TM_EpsH,NZ_AYOY01000135.1_1,1.8e-53,179.6,1,GCF_000508185.1,1_981_-1,NZ_AYOY01000135.1
8TM_EpsH,NZ_MWMO01000021.1_26,2.6e-48,162.7,1,GCF_002556635.1,33486_35045_-1,NZ_MWMO01000021.1
8TM_EpsH,NZ_CP050137.1_2064,4.5e-58,194.5,1,GCF_013344685.1,2176381_2177901_1,NZ_CP050137.1
8TM_EpsH,NZ_CP050137.1_1384,7.8e-40,134.8,1,GCF_013344685.1,1439391_1440278_1,NZ_CP050137.1
8TM_EpsH,NZ_JALHAT010000003.1_227,4.1e-54,181.4,1,GCF_022818885.1,221870_223429_1,NZ_JALHAT010000003.1
8TM_EpsH,NZ_WTYW01000006.1_32,1.1e-42,143.5,1,GCF_009827635.1,34099_35004_-1,NZ_WTYW01000006.1
8TM_EpsH,NZ_LRUA01000006.1_266,1.3e-48,163.3,1,GCF_001550055.1,293148_294680_1,NZ_LRUA01000006.1
8TM_EpsH,CANMBD010000001.1_997,1.9e-57,192.2,1,GCA_947495985.1,1028561_1030111_-1,CANMBD010000001.1
8TM_EpsH,CANMBD010000032.1_1,2.7e-19,67.3,1,GCA_947495985.1,3_1034_1,CANMBD010000032.1
8TM_EpsH,CANMBD010000058.1_1,2.1e-08,31.7,1,GCA_947495985.1,179_613_1,CANMBD010000058.1
8TM_EpsH,NZ_JAFMTR010000056.1_49,1.6e-43,146.6,1,GCF_018682675.1,52732_53640_1,NZ_JAFMTR010000056.1
8TM_EpsH,NZ_JAFMTR010000076.1_23,4.8e-43,145.0,1,GCF_018682675.1,23240_24751_1,NZ_JAFMTR010000076.1
8TM_EpsH,JANWWL010000001.1_271,1.6e-44,149.1,1,GCA_025056155.1,268285_269175_-1,JANWWL010000001.1
8TM_EpsH,CANNFX010000003.1_248,6.4e-55,183.5,1,GCA_947504025.1,247592_249154_-1,CANNFX010000003.1
8TM_EpsH,NZ_JALNUR010000040.1_13,4.3e-54,181.1,1,GCF_026540895.1,10819_12324_-1,NZ_JALNUR010000040.1
8TM_EpsH,CANMQE010000001.1_535,2.9e-50,168.4,1,GCA_947499975.1,570215_571771_1,CANMQE010000001.1
8TM_EpsH,NZ_AGFU01000001.1_59,5.5e-40,135.1,1,GCF_000226955.1,62037_62822_1,NZ_AGFU01000001.1
8TM_EpsH,CANNDZ010000001.1_2091,3e-51,171.8,1,GCA_947503575.1,2218371_2219912_-1,CANNDZ010000001.1
8TM_EpsH,NZ_WUBR01000002.1_120,1.3e-54,182.7,1,GCF_009807005.1,132839_134395_1,NZ_WUBR01000002.1
8TM_EpsH,NZ_WTYM01000036.1_29,3.5e-54,181.5,1,GCF_009827435.1,29695_31254_1,NZ_WTYM01000036.1
8TM_EpsH,NZ_WTYM01000057.1_4,5.3e-38,128.5,1,GCF_009827435.1,2948_3850_1,NZ_WTYM01000057.1
8TM_EpsH,NZ_JACIJN010000006.1_101,1.5e-41,140.0,1,GCF_014199415.1,108649_109575_-1,NZ_JACIJN010000006.1
8TM_EpsH,CANLMI010000001.1_982,8.6e-50,167.2,1,GCA_947492375.1,1043804_1045294_-1,CANLMI010000001.1
8TM_EpsH,CANLMI010000003.1_147,3.6e-40,135.7,1,GCA_947492375.1,154301_155206_1,CANLMI010000003.1
8TM_EpsH,NZ_JACIJC010000005.1_477,5.9e-56,187.4,1,GCF_014199215.1,490609_492252_-1,NZ_JACIJC010000005.1
8TM_EpsH,NZ_JACIJC010000004.1_318,6.3e-40,134.9,1,GCF_014199215.1,334024_334929_-1,NZ_JACIJC010000004.1
8TM_EpsH,NZ_JAUSTJ010000002.1_667,6.7e-57,190.8,1,GCF_030812785.1,726608_728131_1,NZ_JAUSTJ010000002.1
8TM_EpsH,NZ_JAHGAW010000005.1_42,2e-48,162.8,1,GCF_018603885.1,49127_50689_1,NZ_JAHGAW010000005.1
8TM_EpsH,NZ_JAHGAW010000007.1_245,2.2e-38,130.0,1,GCF_018603885.1,254934_255854_1,NZ_JAHGAW010000007.1
8TM_EpsH,CANLOL010000001.1_2169,1.9e-55,185.1,1,GCA_947492905.1,2315654_2317198_-1,CANLOL010000001.1
8TM_EpsH,CANLOL010000002.1_17,1.7e-11,41.2,1,GCA_947492905.1,21101_21886_1,CANLOL010000002.1
8TM_EpsH,NZ_JAOQOK010000001.1_713,5.4e-43,144.7,1,GCF_025961835.1,791355_792287_1,NZ_JAOQOK010000001.1
8TM_EpsH,NZ_JAVIFV010000001.1_88,3.3e-54,181.7,1,GCF_031157375.1,96468_97991_1,NZ_JAVIFV010000001.1
8TM_EpsH,NZ_CP017075.1_1013,6.6e-51,171.6,1,GCF_001742225.1,1120776_1122341_-1,NZ_CP017075.1
8TM_EpsH,NZ_CACSJO010000004.1_175,3.6e-50,168.8,1,GCF_902706195.1,184294_185868_-1,NZ_CACSJO010000004.1
8TM_EpsH,NZ_FXUI01000002.1_100,2.6e-51,172.2,1,GCF_900182875.1,100377_101936_1,NZ_FXUI01000002.1
8TM_EpsH,NZ_JAGSPA010000003.1_253,4.5e-60,200.4,1,GCF_019204005.1,270752_272320_-1,NZ_JAGSPA010000003.1
8TM_EpsH,CANNCV010000001.1_1608,5.1e-53,177.3,1,GCA_947503245.1,1748201_1749772_1,CANNCV010000001.1
8TM_EpsH,NZ_SCOT01000041.1_16,1.7e-42,143.2,1,GCF_005502465.1,17238_18134_1,NZ_SCOT01000041.1
8TM_EpsH,NZ_SCOT01000028.1_37,7.6e-38,128.0,1,GCF_005502465.1,38304_39548_-1,NZ_SCOT01000028.1
8TM_EpsH,NZ_SCOT01000015.1_1,0.00052,17.2,1,GCF_005502465.1,57_320_-1,NZ_SCOT01000015.1
8TM_EpsH,NZ_CP124576.1_2667,5.6e-53,177.8,1,GCF_000281715.2,2858024_2859559_-1,NZ_CP124576.1
8TM_EpsH,NZ_JANZNT010000001.1_570,8.9e-53,176.6,1,GCF_025153455.1,627463_628989_-1,NZ_JANZNT010000001.1
8TM_EpsH,NZ_JANZNT010000001.1_2232,1.4e-32,110.4,1,GCF_025153455.1,2432121_2433041_1,NZ_JANZNT010000001.1
8TM_EpsH,NZ_VLKK01000001.1_273,3.9e-49,165.2,1,GCF_007830065.1,304168_305736_-1,NZ_VLKK01000001.1
8TM_EpsH,JADKHG010000002.1_146,1.2e-55,186.2,1,GCA_016721875.1,115960_117450_1,JADKHG010000002.1
8TM_EpsH,NZ_CP073748.1_2386,4.9e-53,177.7,1,GCF_024398035.1,2594105_2595616_-1,NZ_CP073748.1
8TM_EpsH,NZ_CP073748.1_1525,7.3e-14,49.5,1,GCF_024398035.1,1685303_1686658_1,NZ_CP073748.1
8TM_EpsH,NZ_SCNL01000002.1_229,7.7e-55,183.8,1,GCF_005502745.1,257267_258787_-1,NZ_SCNL01000002.1
8TM_EpsH,NZ_SCNL01000001.1_170,7.4e-38,128.2,1,GCF_005502745.1,181803_182687_-1,NZ_SCNL01000001.1
8TM_EpsH,NZ_JACIDB010000001.1_880,5.3e-52,174.4,1,GCF_014196115.1,986002_987498_1,NZ_JACIDB010000001.1
8TM_EpsH,NZ_JAHWXO010000005.1_82,2.4e-54,182.0,1,GCF_019857205.1,83927_84916_1,NZ_JAHWXO010000005.1
8TM_EpsH,FMTU01000002.1_20,3.5e-51,172.1,1,GCA_900100475.1,20974_22509_1,FMTU01000002.1
8TM_EpsH,CALOGB020000056.1_419,2.3e-54,182.2,1,GCA_942636505.2,443674_445149_1,CALOGB020000056.1
8TM_EpsH,NZ_LJHY01000003.1_49,8.8e-53,177.0,1,GCF_001295795.1,56692_58260_-1,NZ_LJHY01000003.1
8TM_EpsH,NZ_LMPM01000003.1_141,9.3e-60,199.8,1,GCF_001423845.1,135669_137213_-1,NZ_LMPM01000003.1
8TM_EpsH,NZ_LMPM01000001.1_1564,8e-36,121.4,1,GCF_001423845.1,1696847_1697716_1,NZ_LMPM01000001.1
8TM_EpsH,NZ_LMQP01000002.1_256,1.1e-54,183.0,1,GCF_001425405.1,251864_253456_1,NZ_LMQP01000002.1
8TM_EpsH,NZ_LMQP01000001.1_109,1.4e-34,117.2,1,GCF_001425405.1,127245_127793_1,NZ_LMQP01000001.1
8TM_EpsH,NZ_CP110111.1_1683,7.2e-39,131.5,1,GCF_025960285.1,1788425_1789306_1,NZ_CP110111.1
8TM_EpsH,NZ_QAYE01000007.1_156,5e-52,174.6,1,GCF_003053745.1,167877_169352_-1,NZ_QAYE01000007.1
8TM_EpsH,NZ_QGHL01000007.1_257,3.2e-49,165.1,1,GCF_003171715.1,280224_281810_1,NZ_QGHL01000007.1
8TM_EpsH,NZ_SEON01000005.1_312,9.1e-53,177.1,1,GCF_004152845.1,350893_352413_-1,NZ_SEON01000005.1
8TM_EpsH,NZ_SACO01000013.1_53,8.5e-44,147.5,1,GCF_004005905.1,43803_45377_-1,NZ_SACO01000013.1
8TM_EpsH,NZ_SACO01000007.1_124,6e-34,115.3,1,GCF_004005905.1,124925_125830_-1,NZ_SACO01000007.1
8TM_EpsH,NZ_LR733979.1_2123,6.9e-57,190.1,1,GCF_902506605.1,2193802_2195337_1,NZ_LR733979.1
8TM_EpsH,NZ_BMID01000001.1_1358,3.6e-55,184.2,1,GCF_014641655.1,1429592_1431139_-1,NZ_BMID01000001.1
8TM_EpsH,NZ_LNSB01000041.1_18,1.8e-42,143.5,1,GCF_001468285.1,18843_20354_1,NZ_LNSB01000041.1
8TM_EpsH,NZ_MUYJ01000003.1_18,1.4e-46,156.4,1,GCF_002155695.1,21397_22407_-1,NZ_MUYJ01000003.1
8TM_EpsH,NZ_FOWZ01000002.1_344,2.7e-53,178.3,1,GCF_900115585.1,366749_367684_-1,NZ_FOWZ01000002.1
8TM_EpsH,NC_008048.1_1929,9.7e-42,140.6,1,GCF_000013985.1,2023217_2024695_-1,NC_008048.1
8TM_EpsH,NZ_CP053346.1_76,8.4e-42,141.3,1,GCF_013113735.1,95588_96481_1,NZ_CP053346.1
8TM_EpsH,NZ_QYUM01000003.1_1458,1.7e-59,199.1,1,GCF_003590775.1,1558167_1559711_-1,NZ_QYUM01000003.1
8TM_EpsH,NZ_OBMU01000001.1_1112,9.6e-50,166.9,1,GCF_900218065.1,1113655_1115190_1,NZ_OBMU01000001.1
8TM_EpsH,NZ_OBMU01000001.1_70,0.021,12.0,0,GCF_900218065.1,68590_69030_1,NZ_OBMU01000001.1
8TM_EpsH,NZ_JASCXF010000029.1_11,1.3e-59,199.4,1,GCF_030062225.1,12029_13546_1,NZ_JASCXF010000029.1
8TM_EpsH,NZ_JASCXF010000003.1_51,3.4e-35,119.4,1,GCF_030062225.1,59986_60903_1,NZ_JASCXF010000003.1
8TM_EpsH,NZ_ANFX01000031.1_7,3.7e-47,158.1,1,GCF_000331285.1,6977_7981_1,NZ_ANFX01000031.1
8TM_EpsH,NZ_JAIGNJ010000003.1_167,2.2e-33,112.9,1,GCF_019711415.1,166189_167109_-1,NZ_JAIGNJ010000003.1
8TM_EpsH,NZ_CP026372.1_2152,1.1e-51,173.5,1,GCF_002953135.1,2322036_2323556_1,NZ_CP026372.1
8TM_EpsH,NZ_ATTI01000001.1_412,9e-43,144.2,1,GCF_000419605.1,442497_443420_1,NZ_ATTI01000001.1
8TM_EpsH,NZ_CP011805.1_1331,2.5e-49,165.2,1,GCF_001028625.1,1401498_1403057_-1,NZ_CP011805.1
8TM_EpsH,NZ_LZYB01000001.1_599,8.6e-48,160.2,1,GCF_001677335.1,629573_630583_1,NZ_LZYB01000001.1
8TM_EpsH,NZ_JACCFG010000001.1_361,3e-57,191.8,1,GCF_013416555.1,395178_396719_1,NZ_JACCFG010000001.1
8TM_EpsH,NZ_JACCFG010000002.1_462,0.2,8.9,0,GCF_013416555.1,486862_487101_-1,NZ_JACCFG010000002.1
8TM_EpsH,NZ_JARYGZ010000001.1_828,3.6e-58,194.7,1,GCF_029906645.1,891257_892777_1,NZ_JARYGZ010000001.1
8TM_EpsH,NZ_CP028347.1_3095,4.3e-49,165.2,1,GCF_003454795.1,2950110_2951678_-1,NZ_CP028347.1
8TM_EpsH,CP099617.1_968,4.9e-53,177.8,1,GCA_024072375.1,1037776_1039302_-1,CP099617.1
8TM_EpsH,CANKZR010000001.1_1124,2e-53,178.8,1,GCA_947488625.1,1162649_1164205_1,CANKZR010000001.1
8TM_EpsH,CANKZR010000001.1_979,0.013,12.5,0,GCA_947488625.1,1003443_1004192_1,CANKZR010000001.1
8TM_EpsH,NZ_LMKC01000003.1_323,3.3e-59,197.9,1,GCF_001421355.1,342418_343938_1,NZ_LMKC01000003.1
8TM_EpsH,NZ_CP009571.1_742,4.6e-52,174.6,1,GCF_000764535.1,853477_854967_-1,NZ_CP009571.1
8TM_EpsH,NZ_CP116005.1_3083,5.1e-61,204.1,1,GCF_027941835.1,3268087_3269622_1,NZ_CP116005.1
8TM_EpsH,NZ_JAIVLR010000002.1_810,5.5e-53,177.2,1,GCF_020524765.1,851955_852953_1,NZ_JAIVLR010000002.1
8TM_EpsH,NZ_RAPF01000001.1_365,1.4e-53,179.4,1,GCF_003610805.1,396608_398167_1,NZ_RAPF01000001.1
8TM_EpsH,NZ_LMLC01000003.1_307,8.3e-56,186.8,1,GCF_001421805.1,329802_331277_-1,NZ_LMLC01000003.1
8TM_EpsH,NZ_WTYT01000004.1_80,4.3e-50,167.9,1,GCF_009827595.1,95962_97515_-1,NZ_WTYT01000004.1
8TM_EpsH,NZ_JACHNZ010000001.1_259,2.7e-58,195.0,1,GCF_014199685.1,266775_268310_-1,NZ_JACHNZ010000001.1
8TM_EpsH,NZ_JACHNZ010000046.1_9,0.011,12.9,0,GCF_014199685.1,7597_8217_-1,NZ_JACHNZ010000046.1
8TM_EpsH,NZ_CP016456.1_346,1.7e-55,186.0,1,GCF_001713415.1,359527_361062_-1,NZ_CP016456.1
8TM_EpsH,NZ_VNIM01000013.1_19,1.1e-61,206.3,1,GCF_007785815.1,20236_21771_-1,NZ_VNIM01000013.1
8TM_EpsH,NZ_VNIM01000075.1_7,3.6e-38,129.3,1,GCF_007785815.1,4005_4877_-1,NZ_VNIM01000075.1
8TM_EpsH,NZ_JABBGM010000003.1_123,2.3e-52,175.9,1,GCF_012927405.1,128860_130398_-1,NZ_JABBGM010000003.1
8TM_EpsH,NZ_FBXK01000005.1_1644,8.3e-54,180.7,1,GCF_900013425.1,1679476_1680990_-1,NZ_FBXK01000005.1
8TM_EpsH,NZ_RSEL01000005.1_191,3.9e-52,174.5,1,GCF_003958625.1,187998_188996_-1,NZ_RSEL01000005.1
8TM_EpsH,NZ_CP053015.1_1875,6.6e-57,190.1,1,GCF_012979535.1,1964555_1966063_1,NZ_CP053015.1
8TM_EpsH,CP119316.1_196,3.7e-55,184.6,1,GCA_029202985.1,217961_219523_1,CP119316.1
8TM_EpsH,CP119316.1_280,0.021,11.9,0,GCA_029202985.1,310444_311124_1,CP119316.1
8TM_EpsH,NZ_JABXWB010000001.1_1458,4.6e-52,175.1,1,GCF_013375555.1,1568269_1569813_-1,NZ_JABXWB010000001.1
8TM_EpsH,JACDEE010000006.1_6,0.14,9.0,0,GCA_013816585.1,6180_6839_1,JACDEE010000006.1
8TM_EpsH,NZ_JACICY010000003.1_332,1e-52,176.9,1,GCF_014196055.1,351287_352855_-1,NZ_JACICY010000003.1
8TM_EpsH,NZ_AP018817.1_3203,1.9e-53,179.6,1,GCF_024349785.1,3291817_3293352_-1,NZ_AP018817.1
8TM_EpsH,NZ_JMIW01000001.1_491,9.7e-47,157.0,1,GCF_000715015.1,513225_514256_-1,NZ_JMIW01000001.1
8TM_EpsH,NZ_AP018498.1_2095,1.2e-53,179.7,1,GCF_003569745.1,2211844_2213400_1,NZ_AP018498.1
8TM_EpsH,NZ_LNSG01000003.1_157,1.8e-42,143.4,1,GCF_001468395.1,167514_168422_-1,NZ_LNSG01000003.1
8TM_EpsH,NZ_LNSG01000007.1_94,5.9e-42,141.7,1,GCF_001468395.1,105341_106852_1,NZ_LNSG01000007.1
8TM_EpsH,NZ_LMLA01000001.1_891,1.4e-58,196.0,1,GCF_001421765.1,941340_942860_1,NZ_LMLA01000001.1
8TM_EpsH,NZ_LMLA01000009.1_246,0.035,11.2,0,GCF_001421765.1,278615_279052_1,NZ_LMLA01000009.1
8TM_EpsH,NZ_PHUF01000002.1_766,1.5e-55,185.9,1,GCF_002813245.1,812440_813996_-1,NZ_PHUF01000002.1
8TM_EpsH,NZ_JACCBY010000002.1_562,8.4e-54,180.4,1,GCF_013409985.1,641599_643089_-1,NZ_JACCBY010000002.1
8TM_EpsH,NZ_CANMIJ010000001.1_1239,2.3e-49,165.4,1,GCF_947497915.1,1287102_1288139_-1,NZ_CANMIJ010000001.1
8TM_EpsH,NZ_RPFZ01000001.1_10,5.6e-54,180.5,1,GCF_003815535.1,10684_12240_1,NZ_RPFZ01000001.1
8TM_EpsH,NZ_JAPFGY010000016.1_76,1.7e-48,162.7,1,GCF_026586795.1,77229_78230_-1,NZ_JAPFGY010000016.1
8TM_EpsH,NZ_CP022548.1_3201,1.1e-53,180.0,1,GCF_002776575.1,3368026_3369579_-1,NZ_CP022548.1
8TM_EpsH,NZ_SKCJ01000002.1_778,1.8e-53,178.9,1,GCF_005434975.1,817301_818863_1,NZ_SKCJ01000002.1
8TM_EpsH,NZ_VCAO01000001.1_416,6.2e-57,190.0,1,GCF_005884405.1,431754_432731_-1,NZ_VCAO01000001.1
8TM_EpsH,NZ_WTYH01000001.1_1054,6e-53,177.1,1,GCF_009827335.1,1101008_1102564_1,NZ_WTYH01000001.1
8TM_EpsH,NZ_WTYH01000001.1_2032,0.0037,14.1,1,GCF_009827335.1,2103439_2104035_-1,NZ_WTYH01000001.1
8TM_EpsH,NZ_QJJM01000002.1_135,3.2e-54,181.8,1,GCF_003201955.1,155193_156740_-1,NZ_QJJM01000002.1
8TM_EpsH,NZ_CP084712.1_2558,6.8e-44,148.1,1,GCF_023822045.1,2800631_2802109_-1,NZ_CP084712.1
8TM_EpsH,NZ_OBMI01000003.1_300,4.5e-56,187.7,1,GCF_900199185.1,305565_307085_1,NZ_OBMI01000003.1
8TM_EpsH,NZ_OBMI01000001.1_1375,6.7e-34,115.1,1,GCF_900199185.1,1384123_1385019_1,NZ_OBMI01000001.1
8TM_EpsH,NZ_JAPCZF010000001.1_685,2.5e-51,172.6,1,GCF_025938095.1,719292_720854_1,NZ_JAPCZF010000001.1
8TM_EpsH,DELZ01000004.1_43,2.8e-52,175.1,1,GCA_002354635.1,48870_50423_-1,DELZ01000004.1
8TM_EpsH,NZ_JAKREV010000002.1_135,8.3e-58,193.4,1,GCF_022664465.1,148051_149568_-1,NZ_JAKREV010000002.1
8TM_EpsH,NZ_JAUQOM010000002.1_678,6.9e-55,184.0,1,GCF_030580935.1,671998_673530_1,NZ_JAUQOM010000002.1
8TM_EpsH,NZ_JACHLR010000006.1_114,6.1e-51,171.2,1,GCF_014204535.1,128338_129870_1,NZ_JACHLR010000006.1
8TM_EpsH,NZ_JACHLR010000002.1_217,1.2e-36,124.4,1,GCF_014204535.1,203470_204375_1,NZ_JACHLR010000002.1
8TM_EpsH,NZ_JACHLR010000033.1_11,1.5e-30,104.4,1,GCF_014204535.1,9567_10472_-1,NZ_JACHLR010000033.1
8TM_EpsH,CAMZOI010000001.1_1463,5.5e-54,180.5,1,GCA_947331495.1,1514760_1515758_1,CAMZOI010000001.1
8TM_EpsH,NZ_CP042345.1_2509,3.2e-53,178.1,1,GCF_007954425.1,2575299_2576846_1,NZ_CP042345.1
8TM_EpsH,NZ_CP042345.1_2837,9.5e-44,147.1,1,GCF_007954425.1,2925420_2926283_-1,NZ_CP042345.1
8TM_EpsH,NZ_CP035310.1_1922,8.4e-50,166.7,1,GCF_004114695.1,2015180_2016742_-1,NZ_CP035310.1
8TM_EpsH,NZ_CP035310.1_1671,0.0028,14.4,2,GCF_004114695.1,1766492_1766821_-1,NZ_CP035310.1
8TM_EpsH,NZ_AORY01000011.1_71,7e-57,190.1,1,GCF_000382485.1,59544_61088_-1,NZ_AORY01000011.1
8TM_EpsH,JAPZTW010000001.1_34,2.4e-52,175.1,1,GCA_027533105.1,33877_35424_1,JAPZTW010000001.1
8TM_EpsH,NZ_ANFZ01000006.1_538,2.6e-55,185.1,1,GCF_000331245.1,564375_565922_1,NZ_ANFZ01000006.1
8TM_EpsH,NZ_VOPY01000002.1_299,2.6e-56,187.9,1,GCF_007995095.1,300984_302507_1,NZ_VOPY01000002.1
8TM_EpsH,NZ_JAASQN010000004.1_3,1.3e-41,140.6,1,GCF_011762125.1,2842_4356_-1,NZ_JAASQN010000004.1
8TM_EpsH,CANNCZ010000001.1_741,1.1e-47,160.1,1,GCA_947503275.1,802454_803485_1,CANNCZ010000001.1
8TM_EpsH,NZ_JACIEB010000001.1_95,7.6e-53,177.0,1,GCF_014196635.1,114042_115574_1,NZ_JACIEB010000001.1
8TM_EpsH,CANMWO010000001.1_962,2e-56,188.8,1,GCA_947501695.1,985687_987237_1,CANMWO010000001.1
8TM_EpsH,CANMWO010000001.1_1181,4.6e-39,132.0,1,GCA_947501695.1,1205094_1205972_-1,CANMWO010000001.1
8TM_EpsH,CANMWO010000002.1_422,2.5e-13,47.7,1,GCA_947501695.1,436679_437464_1,CANMWO010000002.1
8TM_EpsH,NZ_JACIJI010000001.1_82,1e-57,192.9,1,GCF_014199335.1,73604_75145_-1,NZ_JACIJI010000001.1
8TM_EpsH,CANLBM010000018.1_38,7e-54,180.4,1,GCA_947488845.1,38637_40190_1,CANLBM010000018.1
8TM_EpsH,NZ_LNBY01000001.1_507,6.8e-56,187.0,1,GCF_001542855.1,540323_541312_-1,NZ_LNBY01000001.1
8TM_EpsH,NZ_LNRU01000001.1_61,9.1e-46,154.4,1,GCF_001468225.1,67333_68811_1,NZ_LNRU01000001.1
8TM_EpsH,NZ_RCZK01000006.1_133,6.1e-53,177.2,1,GCF_006438955.1,129268_130797_-1,NZ_RCZK01000006.1
8TM_EpsH,NZ_JACHOV010000009.1_52,1.5e-49,166.2,1,GCF_014200045.1,51582_53111_1,NZ_JACHOV010000009.1
8TM_EpsH,NZ_JACHOV010000007.1_99,6.3e-39,131.4,1,GCF_014200045.1,79913_80818_-1,NZ_JACHOV010000007.1
8TM_EpsH,NZ_CP009291.1_3706,7.7e-49,164.5,1,GCF_000767465.1,3916342_3917892_1,NZ_CP009291.1
8TM_EpsH,NZ_CP017057.1_1432,4e-52,174.6,1,GCF_001719165.1,1499746_1500759_1,NZ_CP017057.1
8TM_EpsH,NZ_JAIVLF010000004.1_247,1.2e-51,173.4,1,GCF_020524485.1,276270_277829_-1,NZ_JAIVLF010000004.1
8TM_EpsH,NZ_JAPCWC010000006.1_98,2.6e-46,156.2,1,GCF_026420865.1,104569_106113_1,NZ_JAPCWC010000006.1
8TM_EpsH,NZ_CP020083.1_5,6.1e-56,187.4,1,GCF_003431825.1,3767_5311_-1,NZ_CP020083.1
8TM_EpsH,NZ_WTYG01000002.1_473,2.7e-55,184.8,1,GCF_009828015.1,475158_476147_1,NZ_WTYG01000002.1
8TM_EpsH,NZ_SIHO01000001.1_1177,7.3e-38,127.9,1,GCF_004681125.1,1291025_1291912_-1,NZ_SIHO01000001.1
8TM_EpsH,NZ_LMKL01000004.1_203,1.4e-54,182.5,1,GCF_001421505.1,252552_254066_1,NZ_LMKL01000004.1
8TM_EpsH,NZ_JAAOZC010000003.1_84,1.2e-43,146.9,1,GCF_011761305.1,86965_87888_-1,NZ_JAAOZC010000003.1
8TM_EpsH,NZ_JAAOZC010000003.1_340,9.7e-31,104.6,1,GCF_011761305.1,328767_329630_1,NZ_JAAOZC010000003.1
8TM_EpsH,NZ_JACIEV010000002.1_23,9.1e-33,111.4,1,GCF_014197105.1,24512_25441_-1,NZ_JACIEV010000002.1
8TM_EpsH,RKSN01000001.1_1150,5.7e-56,187.1,1,GCA_005518185.1,1151075_1152631_-1,RKSN01000001.1
8TM_EpsH,RKSN01000003.1_395,2.7e-37,126.0,1,GCA_005518185.1,405580_406452_-1,RKSN01000003.1
8TM_EpsH,NZ_ASTG01000009.1_161,2e-51,172.5,1,GCF_000412635.1,170497_172029_-1,NZ_ASTG01000009.1
8TM_EpsH,NZ_BMZD01000003.1_108,4.2e-50,167.9,1,GCF_014652615.1,111424_112980_1,NZ_BMZD01000003.1
8TM_EpsH,CANNCL010000002.1_573,4.8e-49,164.4,1,GCA_947503155.1,615699_616730_1,CANNCL010000002.1
8TM_EpsH,NZ_JALHLG010000013.1_30,9e-50,167.3,1,GCF_022832375.1,31675_33237_1,NZ_JALHLG010000013.1
8TM_EpsH,NZ_LYMM01000029.1_160,6.2e-52,174.8,1,GCF_002896965.1,168250_169815_-1,NZ_LYMM01000029.1
8TM_EpsH,NZ_CP032570.1_112,8.7e-53,176.5,1,GCF_003626915.1,114851_115846_-1,NZ_CP032570.1
8TM_EpsH,NZ_CP063202.1_2136,9.8e-50,166.8,1,GCF_019904235.1,2251828_2252859_-1,NZ_CP063202.1
8TM_EpsH,NZ_BCUA01000074.1_4,7.9e-44,147.7,1,GCF_001591045.1,4102_5580_-1,NZ_BCUA01000074.1
8TM_EpsH,NZ_RCWT01000010.1_649,2e-56,188.9,1,GCF_003688595.1,767526_769028_-1,NZ_RCWT01000010.1
8TM_EpsH,NZ_JAIGNU010000001.1_9,3.3e-57,191.2,1,GCF_019711655.1,7472_8461_-1,NZ_JAIGNU010000001.1
8TM_EpsH,NZ_JAIGNU010000002.1_48,0.0011,16.0,1,GCF_019711655.1,48087_49304_-1,NZ_JAIGNU010000002.1
8TM_EpsH,NZ_JABWGQ010000012.1_20,1.9e-42,142.9,1,GCF_014595975.1,22605_24083_-1,NZ_JABWGQ010000012.1
8TM_EpsH,NZ_CP110679.1_241,6.5e-55,183.8,1,GCF_026167525.1,249825_251354_1,NZ_CP110679.1
8TM_EpsH,NZ_CP110679.1_1539,1.5e-36,123.7,1,GCF_026167525.1,1621998_1622960_1,NZ_CP110679.1
8TM_EpsH,NZ_JAMLDY010000006.1_50,8.5e-55,183.4,1,GCF_024211255.1,37277_38812_-1,NZ_JAMLDY010000006.1
8TM_EpsH,NZ_SPDV01000019.1_88,6e-61,203.9,1,GCF_004564275.1,90894_92438_1,NZ_SPDV01000019.1
8TM_EpsH,NZ_SPDV01000007.1_117,0.001,16.5,1,GCF_004564275.1,122574_123407_1,NZ_SPDV01000007.1
8TM_EpsH,NZ_LYVN01000091.1_10,9.7e-43,144.3,1,GCF_001990265.1,8912_10429_-1,NZ_LYVN01000091.1
8TM_EpsH,LSKF01000106.1_31,1e-47,160.4,1,GCA_001556995.1,31682_32689_1,LSKF01000106.1
8TM_EpsH,NZ_CP060495.1_898,2e-57,191.9,1,GCF_014334095.1,967757_968731_-1,NZ_CP060495.1
8TM_EpsH,JAKFUU010000032.1_20,5.3e-55,183.9,1,GCA_021732525.1,17429_18973_1,JAKFUU010000032.1
8TM_EpsH,NZ_JARYTI010000009.1_70,3.7e-58,195.2,1,GCF_029911635.1,59219_60763_-1,NZ_JARYTI010000009.1
8TM_EpsH,NZ_CP073747.1_1971,2.9e-53,178.3,1,GCF_024398015.1,2141408_2142217_-1,NZ_CP073747.1
8TM_EpsH,NZ_CP073747.1_571,1.2e-39,133.7,1,GCF_024398015.1,629262_630179_1,NZ_CP073747.1
8TM_EpsH,NZ_SRXU01000002.1_435,8e-56,187.1,1,GCF_004792695.1,483841_485379_-1,NZ_SRXU01000002.1
8TM_EpsH,NVXM01000026.1_122,9.2e-55,183.6,1,GCA_002733865.1,120036_121589_-1,NVXM01000026.1
8TM_EpsH,LXYP01000045.1_107,4.2e-57,191.2,1,GCA_001650955.1,117121_118674_1,LXYP01000045.1
8TM_EpsH,NZ_JADIZJ010000006.1_34,2.4e-43,146.2,1,GCF_016704835.1,34480_35958_1,NZ_JADIZJ010000006.1
8TM_EpsH,NZ_JADIZJ010000021.1_139,1.7e-37,127.1,1,GCF_016704835.1,138904_139812_1,NZ_JADIZJ010000021.1
8TM_EpsH,NZ_JAKQZA010000006.1_67,5.7e-53,177.5,1,GCF_023008165.1,64982_66493_-1,NZ_JAKQZA010000006.1
8TM_EpsH,NZ_JAKQZA010000001.1_28,1.6e-13,48.3,1,GCF_023008165.1,31974_33329_-1,NZ_JAKQZA010000001.1
8TM_EpsH,NZ_CP045200.1_1087,4.1e-35,118.8,1,GCF_018636735.1,1096893_1097798_1,NZ_CP045200.1
8TM_EpsH,NZ_JACIEH010000001.1_719,1e-56,190.3,1,GCF_014196745.1,750699_752222_1,NZ_JACIEH010000001.1
8TM_EpsH,NZ_JALJVY010000008.1_177,6.8e-51,170.9,1,GCF_024168485.1,190858_192393_1,NZ_JALJVY010000008.1
8TM_EpsH,NZ_CANMZM010000001.1_476,4.2e-49,164.8,1,GCF_947502395.1,513120_514151_-1,NZ_CANMZM010000001.1
8TM_EpsH,NZ_QENQ01000001.1_1890,1.3e-36,124.1,1,GCF_003096275.1,2153646_2154527_1,NZ_QENQ01000001.1
8TM_EpsH,NZ_RBWX01000007.1_1591,6.4e-60,200.3,1,GCF_003634215.1,1735405_1736940_-1,NZ_RBWX01000007.1
8TM_EpsH,CANKYI010000001.1_820,2e-48,162.5,1,GCA_947488085.1,889121_890152_1,CANKYI010000001.1
8TM_EpsH,CANMFX010000002.1_658,2.7e-54,181.8,1,GCA_947497315.1,688290_689840_1,CANMFX010000002.1
8TM_EpsH,NZ_JNFC01000012.1_1,7.9e-35,118.3,1,GCF_000756385.1,1_1245_1,NZ_JNFC01000012.1
8TM_EpsH,NZ_VYPZ01000019.1_29,2.2e-55,185.8,1,GCF_008710155.1,30199_31713_1,NZ_VYPZ01000019.1
8TM_EpsH,NZ_QQNB01000001.1_470,6.8e-61,203.4,1,GCF_003345355.1,478406_479929_-1,NZ_QQNB01000001.1
8TM_EpsH,NZ_JADZGI010000001.1_1705,1.4e-50,169.9,1,GCF_015865035.1,1822205_1823782_1,NZ_JADZGI010000001.1
8TM_EpsH,NZ_FWXL01000009.1_8,1.7e-53,179.5,1,GCF_900176395.1,9208_10776_-1,NZ_FWXL01000009.1
8TM_EpsH,NZ_JAEVFE010000001.1_655,5.4e-53,177.4,1,GCF_016803135.1,692964_694523_-1,NZ_JAEVFE010000001.1
8TM_EpsH,NZ_CP081294.1_2685,7.4e-39,130.9,1,GCF_019711315.1,2755605_2756513_1,NZ_CP081294.1
8TM_EpsH,NZ_JAUTAE010000001.1_1189,5.5e-54,181.0,1,GCF_030818415.1,1416495_1417979_-1,NZ_JAUTAE010000001.1
8TM_EpsH,NZ_CP022600.1_2321,2.8e-49,165.3,1,GCF_002952215.1,2454579_2455448_-1,NZ_CP022600.1
8TM_EpsH,NZ_FOCF01000001.1_182,8.5e-55,183.5,1,GCF_900110035.1,172289_173812_1,NZ_FOCF01000001.1
8TM_EpsH,NZ_FOCF01000009.1_38,1.6e-32,110.6,1,GCF_900110035.1,44908_45735_-1,NZ_FOCF01000009.1
8TM_EpsH,NZ_JACIDX010000007.1_95,5.4e-44,148.5,1,GCF_014196525.1,118242_119783_1,NZ_JACIDX010000007.1
8TM_EpsH,NZ_CP098774.1_1946,2.2e-60,202.3,1,GCF_028473665.1,2140297_2141844_-1,NZ_CP098774.1
8TM_EpsH,NZ_CP098774.1_4684,0.008,13.8,1,GCF_028473665.1,5136519_5136968_1,NZ_CP098774.1
8TM_EpsH,NZ_JARQXA010000001.1_322,5.6e-57,190.8,1,GCF_029543155.1,341172_342713_1,NZ_JARQXA010000001.1
8TM_EpsH,NZ_JAILYM010000002.1_672,4.3e-51,171.5,1,GCF_020179425.1,729886_731424_1,NZ_JAILYM010000002.1
8TM_EpsH,NZ_JAMLDX010000004.1_140,3.2e-56,188.5,1,GCF_024211275.1,130378_131934_1,NZ_JAMLDX010000004.1
8TM_EpsH,NZ_JAMLDX010000006.1_210,2.2e-30,103.9,1,GCF_024211275.1,234419_234994_1,NZ_JAMLDX010000006.1
8TM_EpsH,NZ_QWLV01000005.1_65,1.1e-61,206.0,1,GCF_003515075.1,62522_64078_1,NZ_QWLV01000005.1
8TM_EpsH,LXQI01000013.1_12,2.7e-45,151.9,1,GCA_001683845.1,13240_14211_1,LXQI01000013.1
8TM_EpsH,NZ_CP045392.1_2120,7.2e-48,160.6,1,GCF_009363635.1,2213762_2214799_-1,NZ_CP045392.1
8TM_EpsH,NZ_JAAILI010000008.1_602,2e-37,126.9,1,GCF_012650175.1,658264_659148_1,NZ_JAAILI010000008.1
8TM_EpsH,NZ_SBFF01000007.1_162,8.3e-56,187.1,1,GCF_004151485.1,167161_168684_1,NZ_SBFF01000007.1
8TM_EpsH,NZ_JAHFVK010000001.1_1214,1.6e-52,175.9,1,GCF_018599195.1,1250336_1251352_-1,NZ_JAHFVK010000001.1
8TM_EpsH,NZ_JROG01000001.1_405,6.8e-56,187.2,1,GCF_000786215.1,445298_446845_1,NZ_JROG01000001.1
8TM_EpsH,NZ_JAOBPP010000020.1_307,1.2e-52,176.5,1,GCF_025574465.1,308772_310286_1,NZ_JAOBPP010000020.1
8TM_EpsH,NZ_FZOS01000018.1_82,1.1e-39,134.3,1,GCF_900188165.1,71903_72883_-1,NZ_FZOS01000018.1
8TM_EpsH,NZ_KQ130452.1_1023,4.6e-52,175.0,1,GCF_001046635.1,1023792_1025366_-1,NZ_KQ130452.1
8TM_EpsH,LJHX01000024.1_5,6.7e-38,128.1,1,GCA_001295935.1,4655_5563_1,LJHX01000024.1
8TM_EpsH,NZ_CP009452.1_1247,2.2e-41,139.9,1,GCF_001278035.1,1286195_1287706_1,NZ_CP009452.1
8TM_EpsH,NZ_JAJFET010000001.1_568,7.4e-60,200.0,1,GCF_020707215.1,594440_595966_1,NZ_JAJFET010000001.1
8TM_EpsH,NZ_CP115174.1_1651,1.9e-56,189.1,1,GCF_027625475.1,1730467_1732005_1,NZ_CP115174.1
8TM_EpsH,NZ_JACHTM010000003.1_100,2.1e-43,145.7,1,GCF_015354055.1,120295_121188_-1,NZ_JACHTM010000003.1
8TM_EpsH,NZ_JAPPRR010000001.1_1296,1.5e-32,110.5,1,GCF_026719705.1,1428781_1429689_1,NZ_JAPPRR010000001.1
8TM_EpsH,NZ_JAILXK010000001.1_630,5.4e-43,144.6,1,GCF_019793235.1,640791_642308_1,NZ_JAILXK010000001.1
8TM_EpsH,NZ_LMKP01000019.1_14,1.4e-55,186.2,1,GCF_001421715.1,14286_15806_-1,NZ_LMKP01000019.1
8TM_EpsH,NZ_JACIIV010000003.1_159,4.5e-39,132.1,1,GCF_014205635.1,169403_170221_1,NZ_JACIIV010000003.1
8TM_EpsH,NZ_JACIIV010000001.1_20,1.7e-37,126.9,1,GCF_014205635.1,19042_19941_1,NZ_JACIIV010000001.1
8TM_EpsH,QBLU01000025.1_11,1e-37,127.6,1,GCA_003241875.1,10855_11745_1,QBLU01000025.1
8TM_EpsH,NZ_SCIN01000001.1_635,9.7e-57,190.0,1,GCF_004101245.1,757808_759298_-1,NZ_SCIN01000001.1
8TM_EpsH,NZ_CP080410.1_1726,1.2e-54,182.7,1,GCF_019448255.1,1776993_1777982_-1,NZ_CP080410.1
8TM_EpsH,NZ_CP119127.1_3399,2.2e-52,176.2,1,GCF_030128825.1,3504886_3506421_-1,NZ_CP119127.1
8TM_EpsH,NZ_JAPCIA010000001.1_239,1.4e-59,199.3,1,GCF_026107375.2,254003_255541_1,NZ_JAPCIA010000001.1
8TM_EpsH,NZ_JAPCIA010000002.1_658,1.4e-16,58.5,1,GCF_026107375.2,714126_714890_-1,NZ_JAPCIA010000002.1
8TM_EpsH,NZ_CP080327.1_3255,2.1e-38,129.7,1,GCF_019443285.1,3331264_3332145_1,NZ_CP080327.1
8TM_EpsH,NZ_CP098401.1_1200,5.4e-60,200.2,1,GCF_023674425.1,1250986_1252515_-1,NZ_CP098401.1
8TM_EpsH,NZ_CP098401.1_564,5.8e-14,49.5,1,GCF_023674425.1,574040_574789_-1,NZ_CP098401.1
8TM_EpsH,NZ_JAVAIM010000001.1_1856,8.5e-52,173.4,1,GCF_030717945.1,1922288_1923277_-1,NZ_JAVAIM010000001.1
8TM_EpsH,JAJYQP010000088.1_3,4.8e-41,137.8,1,GCA_021794525.1,1549_2481_1,JAJYQP010000088.1
8TM_EpsH,NZ_CP012700.1_902,2.9e-42,142.9,1,GCF_001307295.1,967542_969059_1,NZ_CP012700.1
8TM_EpsH,NZ_MSQB01000013.1_62,9.5e-51,170.8,1,GCF_002149965.1,74699_76246_-1,NZ_MSQB01000013.1
8TM_EpsH,NZ_JADHDT010000003.1_47,2.4e-55,185.3,1,GCF_016820445.1,37658_39184_-1,NZ_JADHDT010000003.1
8TM_EpsH,NZ_JAKREU010000002.1_333,2.4e-59,198.5,1,GCF_022664435.1,361247_362764_-1,NZ_JAKREU010000002.1
8TM_EpsH,NZ_JAKREU010000001.1_157,4.7e-35,119.0,1,GCF_022664435.1,150172_151089_1,NZ_JAKREU010000001.1
8TM_EpsH,NZ_WTYF01000004.1_276,4.2e-53,177.6,1,GCF_009827315.1,279872_280870_1,NZ_WTYF01000004.1
8TM_EpsH,NZ_JAHKRT010000002.1_325,2.9e-36,122.7,1,GCF_018863195.1,335925_336854_1,NZ_JAHKRT010000002.1
8TM_EpsH,NZ_CP022336.1_964,1.3e-53,179.5,1,GCF_002218195.1,1020744_1022297_-1,NZ_CP022336.1
8TM_EpsH,NZ_VKKU01000001.1_224,4.6e-54,181.0,1,GCF_007280415.1,215875_217461_1,NZ_VKKU01000001.1
8TM_EpsH,NZ_JAJNDU010000001.1_613,1.1e-53,179.8,1,GCF_021043365.1,652803_654323_1,NZ_JAJNDU010000001.1
8TM_EpsH,NZ_REFR01000010.1_547,5.7e-43,144.9,1,GCF_003688555.1,639578_641176_-1,NZ_REFR01000010.1
8TM_EpsH,NZ_REFR01000009.1_561,8.5e-10,36.3,1,GCF_003688555.1,657222_658637_-1,NZ_REFR01000009.1
8TM_EpsH,NZ_JAKQYJ010000001.1_157,2.6e-39,132.3,1,GCF_022605525.1,145455_146390_1,NZ_JAKQYJ010000001.1
8TM_EpsH,NZ_JAIGNO010000001.1_261,5.9e-56,187.2,1,GCF_019711515.1,272207_273196_1,NZ_JAIGNO010000001.1
8TM_EpsH,NZ_CP047895.1_776,1.3e-43,146.7,1,GCF_009913435.1,745404_746288_1,NZ_CP047895.1
8TM_EpsH,NZ_CP047895.1_1920,0.0077,13.1,1,GCF_009913435.1,1902174_1902956_1,NZ_CP047895.1
8TM_EpsH,NZ_NISJ01000007.1_15,6e-42,141.7,1,GCF_002205635.1,13861_15339_-1,NZ_NISJ01000007.1
8TM_EpsH,NZ_JASJAP010000001.1_962,1.9e-51,172.4,1,GCF_030066995.1,1021345_1022394_-1,NZ_JASJAP010000001.1
8TM_EpsH,LT703001.1_721,5e-55,184.2,1,GCA_900149705.1,758570_760120_-1,LT703001.1
8TM_EpsH,LT703001.1_460,3.6e-36,122.5,1,GCA_900149705.1,498248_499126_1,LT703001.1
8TM_EpsH,NZ_CP088296.1_170,6.8e-58,193.8,1,GCF_024666595.1,163134_164669_-1,NZ_CP088296.1
8TM_EpsH,NZ_JACHDA010000002.1_466,4.4e-44,148.5,1,GCF_014207235.1,506927_508405_-1,NZ_JACHDA010000002.1
8TM_EpsH,NZ_LSHX01000057.1_11,1.3e-53,179.6,1,GCF_001555965.1,11183_12709_-1,NZ_LSHX01000057.1
8TM_EpsH,NZ_JAAALE010000009.1_31,1e-47,160.1,1,GCF_009905735.1,31560_32564_1,NZ_JAAALE010000009.1
8TM_EpsH,NZ_JH992904.1_4261,2.4e-52,176.0,1,GCF_000315525.1,4676088_4677623_1,NZ_JH992904.1
8TM_EpsH,NZ_JH992904.1_4873,0.015,13.0,0,GCF_000315525.1,5369852_5370163_1,NZ_JH992904.1
8TM_EpsH,NZ_WTYO01000001.1_444,9.6e-51,169.9,1,GCF_009827515.1,479184_480743_1,NZ_WTYO01000001.1
8TM_EpsH,NZ_CP041222.1_2116,2.8e-47,158.9,1,GCF_006542605.1,2298175_2299182_1,NZ_CP041222.1
8TM_EpsH,NZ_AP022673.1_1082,1.1e-54,183.1,1,GCF_013374115.1,1256788_1258263_-1,NZ_AP022673.1
8TM_EpsH,NZ_AUBA01000001.1_227,3.9e-50,168.2,1,GCF_000429005.1,229779_231275_1,NZ_AUBA01000001.1
8TM_EpsH,NZ_CP050249.1_954,1.8e-47,159.6,1,GCF_019078745.1,1003978_1005489_1,NZ_CP050249.1
8TM_EpsH,NZ_CP050249.1_1824,3.5e-39,132.5,1,GCF_019078745.1,1954927_1955832_1,NZ_CP050249.1
8TM_EpsH,NZ_CP014545.1_1358,4.8e-53,177.6,1,GCF_001586275.1,1436425_1437978_1,NZ_CP014545.1
8TM_EpsH,NZ_CM009578.1_1091,2e-41,139.9,1,GCF_002993885.1,1150962_1152440_-1,NZ_CM009578.1
8TM_EpsH,NZ_JAJSSH010000008.1_30,5.6e-43,145.0,1,GCF_021403115.1,33060_34595_-1,NZ_JAJSSH010000008.1
8TM_EpsH,NZ_JAJSSH010000016.1_20,3e-40,136.1,1,GCF_021403115.1,42691_43602_-1,NZ_JAJSSH010000016.1
8TM_EpsH,NZ_FMZJ01000013.1_97,6.4e-42,141.5,1,GCF_900101455.1,92462_94006_1,NZ_FMZJ01000013.1
8TM_EpsH,NZ_FMZJ01000013.1_103,2.7e-38,129.7,1,GCF_900101455.1,99848_100771_-1,NZ_FMZJ01000013.1
8TM_EpsH,NZ_CP013264.1_3179,1.7e-51,173.0,1,GCF_001456115.1,3259035_3260570_-1,NZ_CP013264.1
8TM_EpsH,NZ_CP016306.1_1650,2.3e-39,133.1,1,GCF_002151445.1,1767010_1767819_1,NZ_CP016306.1
8TM_EpsH,NZ_CP121106.1_2850,1.2e-48,163.2,1,GCF_029623755.1,2916679_2917707_-1,NZ_CP121106.1
8TM_EpsH,NZ_QXFL01000001.1_28,1.7e-53,179.3,1,GCF_003584125.1,28957_30513_1,NZ_QXFL01000001.1
8TM_EpsH,NZ_JAAAPO010000002.1_316,1.5e-46,156.4,1,GCF_009909235.1,359645_361231_1,NZ_JAAAPO010000002.1
8TM_EpsH,NZ_JAAAPO010000008.1_27,1.4,5.9,0,GCF_009909235.1,28660_30105_1,NZ_JAAAPO010000008.1
8TM_EpsH,NZ_JALEBH010000001.1_515,1e-52,176.9,1,GCF_022758885.1,528138_529676_1,NZ_JALEBH010000001.1
8TM_EpsH,CANLUL010000001.1_859,7.8e-57,190.0,1,GCA_947494305.1,888963_890516_1,CANLUL010000001.1
8TM_EpsH,NZ_JNFD01000036.1_63,1e-45,154.0,1,GCF_000756375.1,66569_68047_1,NZ_JNFD01000036.1
8TM_EpsH,NZ_SWKR01000002.1_1191,1.2e-53,179.5,1,GCF_005144715.1,1230675_1232213_-1,NZ_SWKR01000002.1
8TM_EpsH,NZ_VTOU01000002.1_1027,2.2e-39,133.2,1,GCF_008274695.1,1064478_1065398_-1,NZ_VTOU01000002.1
8TM_EpsH,NZ_JAPDRA010000002.1_191,1.1e-54,183.3,1,GCF_026013525.1,191430_192962_1,NZ_JAPDRA010000002.1
8TM_EpsH,NZ_CP101740.1_612,1.1e-54,182.9,1,GCF_024496245.1,651126_652661_1,NZ_CP101740.1
8TM_EpsH,NZ_BCYU01000005.1_33,4.9e-52,174.8,1,GCF_001598355.1,32151_33686_-1,NZ_BCYU01000005.1
8TM_EpsH,NZ_LAZX01000094.1_1180,4.6e-53,177.9,1,GCF_000980895.1,1233457_1234986_-1,NZ_LAZX01000094.1
8TM_EpsH,NZ_LAZX01000063.1_3,1e-34,117.9,1,GCF_000980895.1,1973_2917_1,NZ_LAZX01000063.1
8TM_EpsH,NZ_ATHL01000139.1_22,1.9e-50,169.6,1,GCF_000445125.1,20675_22234_1,NZ_ATHL01000139.1
8TM_EpsH,NZ_JACIDY010000003.1_356,2.5e-50,168.8,1,GCF_014196615.1,380662_382221_-1,NZ_JACIDY010000003.1
8TM_EpsH,NZ_JACIDY010000001.1_74,5.6e-37,125.1,1,GCF_014196615.1,90969_91877_-1,NZ_JACIDY010000001.1
8TM_EpsH,NZ_CP097253.1_1616,1.6e-35,120.1,1,GCF_023380025.1,1692043_1692933_1,NZ_CP097253.1
8TM_EpsH,WFTS01000068.1_36,4.1e-54,180.9,1,GCA_015485385.1,31767_33305_-1,WFTS01000068.1
8TM_EpsH,WFTS01000064.1_28,0.0081,13.0,1,GCA_015485385.1,24288_24950_1,WFTS01000064.1
8TM_EpsH,NZ_JACTGR010000001.1_444,4e-56,188.2,1,GCF_014489075.1,474965_476503_1,NZ_JACTGR010000001.1
8TM_EpsH,NZ_JACTGR010000002.1_664,2.9e-38,129.7,1,GCF_014489075.1,777087_777977_1,NZ_JACTGR010000002.1
8TM_EpsH,NZ_FSQW01000002.1_373,1.5e-55,185.9,1,GCF_900128895.1,373923_375473_1,NZ_FSQW01000002.1
8TM_EpsH,NZ_FSQW01000001.1_647,5.8e-41,138.2,1,GCF_900128895.1,665278_666156_1,NZ_FSQW01000001.1
8TM_EpsH,NZ_CP089301.1_3125,3.4e-50,168.9,1,GCF_021227995.1,3504681_3506219_1,NZ_CP089301.1
8TM_EpsH,NZ_CP089301.1_4818,2.3,5.8,0,GCF_021227995.1,5409204_5410055_1,NZ_CP089301.1
8TM_EpsH,NZ_JALHLE010000004.1_108,1.7e-49,166.4,1,GCF_022832385.1,115225_116787_-1,NZ_JALHLE010000004.1
8TM_EpsH,NZ_JALHLE010000027.1_63,1.7e-36,123.8,1,GCF_022832385.1,77779_78489_-1,NZ_JALHLE010000027.1
8TM_EpsH,NZ_AUHC01000001.1_277,1.3e-48,162.9,1,GCF_000422985.1,295080_296087_-1,NZ_AUHC01000001.1
8TM_EpsH,NZ_JAASQU010000001.1_399,1.3e-53,179.2,1,GCF_011762005.1,402850_403824_1,NZ_JAASQU010000001.1
8TM_EpsH,NZ_JABWGV010000005.1_31,1.6e-39,133.1,1,GCF_013370205.1,34300_35199_-1,NZ_JABWGV010000005.1
8TM_EpsH,NZ_CP119315.1_904,7.4e-38,128.1,1,GCF_029202845.1,1003256_1004155_1,NZ_CP119315.1
8TM_EpsH,NZ_CP119315.1_2605,2.4e-21,74.0,1,GCF_029202845.1,2740579_2741142_1,NZ_CP119315.1
8TM_EpsH,NZ_VJWA01000001.1_1484,2.4e-41,139.4,1,GCF_007097155.1,1577108_1578001_1,NZ_VJWA01000001.1
8TM_EpsH,NZ_JACIDT010000012.1_93,2e-50,169.5,1,GCF_014196495.1,103978_105510_1,NZ_JACIDT010000012.1
8TM_EpsH,NZ_JACIJJ010000001.1_1109,4.1e-52,174.6,1,GCF_014199325.1,1105107_1106630_1,NZ_JACIJJ010000001.1
8TM_EpsH,NZ_MWLM01000064.1_217,5.4e-48,161.2,1,GCF_002198665.1,248761_250317_1,NZ_MWLM01000064.1
8TM_EpsH,NZ_AP017655.1_1143,1.2e-51,173.5,1,GCF_002355855.1,1177164_1178729_-1,NZ_AP017655.1
8TM_EpsH,NZ_CP091804.1_1197,2.4e-41,139.5,1,GCF_022024275.1,1226297_1227808_-1,NZ_CP091804.1
8TM_EpsH,CANMTU010000001.1_2318,1e-37,127.3,1,GCA_947501005.1,2459420_2460325_1,CANMTU010000001.1
8TM_EpsH,NZ_NISK01000001.1_231,4.1e-44,148.7,1,GCF_002205675.1,253760_255238_-1,NZ_NISK01000001.1
8TM_EpsH,NZ_NISK01000002.1_285,7e-36,121.8,1,GCF_002205675.1,288734_289648_1,NZ_NISK01000002.1
8TM_EpsH,NZ_WTYP01000001.1_741,2.9e-55,184.6,1,GCF_009828095.1,777359_778924_1,NZ_WTYP01000001.1
8TM_EpsH,NZ_JACHNX010000010.1_91,5.1e-54,181.1,1,GCF_014199595.1,87583_89091_-1,NZ_JACHNX010000010.1
8TM_EpsH,NZ_WRPK01000004.1_424,1.6e-63,212.9,1,GCF_009755815.1,455799_457364_1,NZ_WRPK01000004.1
8TM_EpsH,NZ_SCMK01000003.1_191,7.5e-56,187.3,1,GCF_005503355.1,220969_222522_-1,NZ_SCMK01000003.1
8TM_EpsH,NZ_JABGCB010000002.1_237,1.3e-43,147.4,1,GCF_013149295.1,283870_285411_1,NZ_JABGCB010000002.1
8TM_EpsH,NZ_JABGCB010000015.1_19,2.2e-06,25.5,1,GCF_013149295.1,22798_24513_-1,NZ_JABGCB010000015.1
8TM_EpsH,NZ_JACHKA010000001.1_2384,8.1e-45,151.0,1,GCF_014203955.1,2581476_2583038_-1,NZ_JACHKA010000001.1
8TM_EpsH,NZ_JACHKA010000001.1_2231,5.2e-39,132.0,1,GCF_014203955.1,2407670_2408605_-1,NZ_JACHKA010000001.1
8TM_EpsH,NZ_RAHJ01000019.1_372,1.9e-53,178.9,1,GCF_003605755.1,386888_388435_-1,NZ_RAHJ01000019.1
8TM_EpsH,NZ_JAUQSZ010000015.1_5,1.6e-56,189.3,1,GCF_030580995.1,3594_5129_-1,NZ_JAUQSZ010000015.1
8TM_EpsH,NZ_JAUQSZ010000011.1_23,2.1e-32,110.4,1,GCF_030580995.1,25498_26379_1,NZ_JAUQSZ010000011.1
8TM_EpsH,NZ_CP030352.1_2155,1.1e-51,174.0,1,GCF_000876675.2,2244210_2245784_-1,NZ_CP030352.1
8TM_EpsH,NZ_CP035733.1_1569,1.1e-53,179.7,1,GCF_009768975.1,1659407_1660993_-1,NZ_CP035733.1
8TM_EpsH,NZ_CP035733.1_3274,7.2e-40,134.5,1,GCF_009768975.1,3421139_3421975_1,NZ_CP035733.1
8TM_EpsH,NZ_QVRA01000002.1_247,6e-55,184.5,1,GCF_003591655.1,263200_264735_-1,NZ_QVRA01000002.1
8TM_EpsH,CP115966.1_1895,3.8e-53,177.8,1,GCA_027941995.1,1973722_1975284_-1,CP115966.1
8TM_EpsH,NZ_CP005083.1_1683,1.9e-52,176.5,1,GCF_001563265.1,1670351_1671877_1,NZ_CP005083.1
8TM_EpsH,NZ_NWBU01000005.1_413,9.4e-43,144.1,1,GCF_003050615.1,420824_421663_-1,NZ_NWBU01000005.1
8TM_EpsH,CANLQE010000001.1_2300,6.7e-57,190.4,1,GCA_947493215.1,2368296_2369846_-1,CANLQE010000001.1
8TM_EpsH,CANKYZ010000002.1_325,1.1e-48,163.3,1,GCA_947488325.1,336875_339130_-1,CANKYZ010000002.1
8TM_EpsH,NZ_SRXT01000006.1_206,3.8e-53,178.3,1,GCF_004792685.1,199100_200632_1,NZ_SRXT01000006.1
8TM_EpsH,NZ_SRXT01000004.1_394,3.5e-31,106.4,1,GCF_004792685.1,405906_406823_1,NZ_SRXT01000004.1
8TM_EpsH,NZ_JABASZ010000039.1_126,2.3e-53,178.3,1,GCF_012979275.1,131544_133055_-1,NZ_JABASZ010000039.1
8TM_EpsH,NZ_JAHXZL010000004.1_109,1.1e-39,134.2,1,GCF_019429525.1,119081_119977_-1,NZ_JAHXZL010000004.1
8TM_EpsH,NZ_JTDI01000003.1_334,2.4e-50,169.3,1,GCF_000802225.1,348746_350308_1,NZ_JTDI01000003.1
8TM_EpsH,NZ_JAUSZF010000001.1_1404,6.4e-15,53.1,1,GCF_030817315.1,1566765_1566983_-1,NZ_JAUSZF010000001.1
8TM_EpsH,NZ_JANINP010000001.1_468,1.1e-50,170.3,1,GCF_024508665.1,514069_515604_1,NZ_JANINP010000001.1
8TM_EpsH,NZ_CP018097.1_2039,1.2e-53,179.4,1,GCF_001886695.1,2087539_2089095_-1,NZ_CP018097.1
8TM_EpsH,NZ_GL876926.1_381,9.4e-52,173.6,1,GCF_000192575.1,429137_430687_1,NZ_GL876926.1
8TM_EpsH,NZ_GL876933.1_40,2.1e-30,103.7,1,GCF_000192575.1,51608_52468_-1,NZ_GL876933.1
8TM_EpsH,NC_007794.1_2341,1.3e-48,163.4,1,GCF_000013325.1,2473346_2474914_-1,NC_007794.1
8TM_EpsH,NZ_BBWU01000043.1_22,4.8e-39,131.8,1,GCF_000974765.1,18257_19141_1,NZ_BBWU01000043.1
8TM_EpsH,CANLLZ010000001.1_1147,1e-53,179.6,1,GCA_947492235.1,1224993_1226555_-1,CANLLZ010000001.1
8TM_EpsH,NZ_CP079800.1_1568,2.1e-15,54.3,1,GCF_028869115.1,1629753_1631276_-1,NZ_CP079800.1
8TM_EpsH,NZ_LMKV01000001.1_289,1.9e-55,186.0,1,GCF_001421665.1,311865_313400_-1,NZ_LMKV01000001.1
8TM_EpsH,NZ_JAAZQL010000002.1_235,3.8e-45,152.4,1,GCF_012275515.1,286797_288338_1,NZ_JAAZQL010000002.1
8TM_EpsH,NZ_JAAZQL010000012.1_25,1.3e-29,101.5,1,GCF_012275515.1,33172_34056_1,NZ_JAAZQL010000012.1
8TM_EpsH,NZ_JABEPR010000003.1_224,2e-38,129.9,1,GCF_013044515.1,198784_199668_1,NZ_JABEPR010000003.1
8TM_EpsH,NZ_SEOO01000006.1_117,1.6e-53,179.7,1,GCF_004152865.1,121654_123189_1,NZ_SEOO01000006.1
8TM_EpsH,NZ_WTYQ01000001.1_927,8.7e-52,173.3,1,GCF_009828105.1,951099_952646_-1,NZ_WTYQ01000001.1
8TM_EpsH,NZ_RAPZ01000011.1_370,1.2e-54,183.1,1,GCF_003610375.1,397716_399191_1,NZ_RAPZ01000011.1
8TM_EpsH,NZ_JAVAIL010000002.1_477,2.6e-57,191.5,1,GCF_030717865.1,509483_510499_-1,NZ_JAVAIL010000002.1
8TM_EpsH,NZ_JAAVJH010000003.1_401,6.2e-53,177.5,1,GCF_012035195.1,405522_407126_1,NZ_JAAVJH010000003.1
8TM_EpsH,NZ_JAAVJH010000002.1_330,3.2e-39,132.7,1,GCF_012035195.1,331377_332303_-1,NZ_JAAVJH010000002.1
8TM_EpsH,JACVCM010000048.1_21,2.5e-55,185.1,1,GCA_016742125.1,21104_22630_1,JACVCM010000048.1
8TM_EpsH,NZ_JAAFZT010000005.1_147,3.3e-55,184.5,1,GCF_013336795.1,160620_162176_-1,NZ_JAAFZT010000005.1
8TM_EpsH,NZ_JAAFZT010000039.1_8,7e-39,131.1,1,GCF_013336795.1,8379_9278_1,NZ_JAAFZT010000039.1
8TM_EpsH,NZ_JAJGNP010000006.1_138,3.6e-54,181.6,1,GCF_020782245.1,164579_166114_-1,NZ_JAJGNP010000006.1
8TM_EpsH,NZ_JAMSLX010000016.1_2,1.2e-57,192.7,1,GCF_023806085.1,2605_4128_-1,NZ_JAMSLX010000016.1
8TM_EpsH,NZ_CP022707.1_2431,2e-48,162.9,1,GCF_025340265.1,2477449_2479014_-1,NZ_CP022707.1
8TM_EpsH,NZ_CP022707.1_460,0.027,11.8,0,GCF_025340265.1,460242_460502_1,NZ_CP022707.1
8TM_EpsH,NZ_VOQQ01000001.1_2943,1.2e-56,189.3,1,GCF_007995055.1,2965130_2966647_-1,NZ_VOQQ01000001.1
8TM_EpsH,BACX01000434.1_2,7.8e-58,194.1,1,GCA_000333335.1,367_1887_1,BACX01000434.1
8TM_EpsH,NZ_CP048422.1_1649,1.2e-51,173.2,1,GCF_010450875.1,1756001_1757506_1,NZ_CP048422.1
8TM_EpsH,NZ_JAHKKS010000002.1_362,2.3e-46,156.0,1,GCF_019737615.1,367883_369445_-1,NZ_JAHKKS010000002.1
8TM_EpsH,NZ_JAHKKS010000006.1_172,3.8e-38,129.1,1,GCF_019737615.1,194921_195835_1,NZ_JAHKKS010000006.1
8TM_EpsH,JADJAC010000011.1_708,1.2e-37,127.3,1,GCA_016704425.1,701677_702558_-1,JADJAC010000011.1
8TM_EpsH,NZ_BJYR01000005.1_62,9.2e-51,170.5,1,GCF_007991615.1,62913_64472_-1,NZ_BJYR01000005.1
8TM_EpsH,NZ_CP051217.1_666,5.2e-56,187.3,1,GCF_012516475.1,675306_676856_-1,NZ_CP051217.1
8TM_EpsH,NZ_LT598653.1_821,1.2e-41,140.5,1,GCF_900078365.1,945530_947008_1,NZ_LT598653.1
8TM_EpsH,NZ_JFHR01000015.1_54,5.7e-52,174.6,1,GCF_000722875.1,59439_60962_1,NZ_JFHR01000015.1
8TM_EpsH,NZ_LR701479.1_2401,3.5e-55,184.5,1,GCF_902498745.1,2457977_2459533_1,NZ_LR701479.1
8TM_EpsH,NZ_LNSA01000051.1_10,1.2e-41,140.7,1,GCF_001468465.1,10270_11748_1,NZ_LNSA01000051.1
8TM_EpsH,NZ_NSLI01000001.1_527,1.6e-53,179.4,1,GCF_002288825.1,547935_549449_-1,NZ_NSLI01000001.1
8TM_EpsH,NZ_JAASQR010000002.1_680,3.9e-51,171.4,1,GCF_011762025.1,718604_720139_-1,NZ_JAASQR010000002.1
8TM_EpsH,NZ_JAASQR010000001.1_906,0.014,12.4,0,GCF_011762025.1,949444_949893_-1,NZ_JAASQR010000001.1
8TM_EpsH,NZ_JABXJG010000001.1_328,2.7e-51,172.6,1,GCF_013375535.1,367839_369365_1,NZ_JABXJG010000001.1
8TM_EpsH,NZ_LBIC01000019.1_100,6.8e-52,174.6,1,GCF_001005725.1,98409_99932_-1,NZ_LBIC01000019.1
8TM_EpsH,CANMNF010000001.1_539,3e-50,168.3,1,GCA_947499255.1,559263_560711_1,CANMNF010000001.1
8TM_EpsH,NZ_MPSB01000013.1_6,1e-54,182.9,1,GCF_001981525.1,4301_5830_1,NZ_MPSB01000013.1
8TM_EpsH,NZ_CP071794.1_451,1.6e-56,189.1,1,GCF_017498565.1,456120_457673_-1,NZ_CP071794.1
8TM_EpsH,NZ_CP071794.1_224,2.1e-38,129.9,1,GCF_017498565.1,233484_234362_1,NZ_CP071794.1
8TM_EpsH,NZ_CP060388.1_510,1.7e-54,182.8,1,GCF_014280435.1,482527_484062_1,NZ_CP060388.1
8TM_EpsH,NZ_CP039695.1_1032,1e-52,177.0,1,GCF_005145025.1,1076619_1078175_-1,NZ_CP039695.1
8TM_EpsH,NZ_SLVB01000001.1_975,5e-48,161.8,1,GCF_004341845.1,1037522_1039069_-1,NZ_SLVB01000001.1
8TM_EpsH,NZ_CP037948.1_1400,1.3e-46,156.1,1,GCF_004358425.1,1443134_1444123_-1,NZ_CP037948.1
8TM_EpsH,NZ_SSMY01000005.1_1,4.9e-52,174.2,1,GCF_004799495.1,147_1697_-1,NZ_SSMY01000005.1
8TM_EpsH,JAFLDB010000001.1_138,4.1e-57,190.8,1,GCA_017302615.1,140990_142546_1,JAFLDB010000001.1
8TM_EpsH,NZ_CP081844.1_1893,5.2e-51,171.0,1,GCF_019803445.1,2002582_2004156_1,NZ_CP081844.1
8TM_EpsH,NZ_CP032829.1_2656,1.9e-61,205.5,1,GCF_003660165.1,2604977_2606509_1,NZ_CP032829.1
8TM_EpsH,NZ_CP032829.1_1951,3.2e-43,145.8,1,GCF_003660165.1,1909117_1910058_-1,NZ_CP032829.1
8TM_EpsH,CANMVC010000002.1_16,2.8e-56,188.3,1,GCA_947501325.1,16466_18016_1,CANMVC010000002.1
8TM_EpsH,CANMVC010000002.1_228,2e-37,126.6,1,GCA_947501325.1,228846_229724_-1,CANMVC010000002.1
8TM_EpsH,NZ_JAIZDA010000005.1_151,1.8e-50,169.7,1,GCF_020404405.1,175620_177215_-1,NZ_JAIZDA010000005.1
8TM_EpsH,NZ_ATDP01000071.1_213,1.1e-54,183.6,1,GCF_000445105.1,231298_232833_-1,NZ_ATDP01000071.1
8TM_EpsH,NZ_CP060780.1_3466,6.4e-24,82.5,1,GCF_014489495.1,2627019_2627426_1,NZ_CP060780.1
8TM_EpsH,NZ_CP060780.1_3465,1.9e-05,22.1,1,GCF_014489495.1,2626544_2626954_1,NZ_CP060780.1
8TM_EpsH,NZ_FPEH01000012.1_49,5.5e-51,171.3,1,GCF_900117425.1,52264_53781_1,NZ_FPEH01000012.1
8TM_EpsH,NZ_CP069128.1_1158,7.1e-41,137.5,1,GCF_029637485.1,1226049_1226858_1,NZ_CP069128.1
8TM_EpsH,NZ_MUYK01000002.1_214,1.7e-49,166.4,1,GCF_002155685.1,214893_215897_1,NZ_MUYK01000002.1
8TM_EpsH,NZ_SNWD01000011.1_28,7.3e-61,203.5,1,GCF_004361835.1,30918_32450_1,NZ_SNWD01000011.1
8TM_EpsH,NZ_JANKHH010000004.1_99,1.1e-52,176.3,1,GCF_024626475.1,97455_99008_1,NZ_JANKHH010000004.1
8TM_EpsH,NZ_WTYZ01000001.1_1999,5.6e-55,183.7,1,GCF_009827455.1,2105824_2107386_-1,NZ_WTYZ01000001.1
8TM_EpsH,NZ_RCZC01000008.1_128,1.2e-59,199.8,1,GCF_006439055.1,140756_142243_1,NZ_RCZC01000008.1
8TM_EpsH,NZ_FVZE01000001.1_597,8.6e-51,170.7,1,GCF_900168325.1,613734_615284_1,NZ_FVZE01000001.1
8TM_EpsH,NZ_JAHBZI010000001.1_2112,1.4e-56,189.3,1,GCF_019635515.1,2129677_2131215_-1,NZ_JAHBZI010000001.1
8TM_EpsH,NZ_MINO01000001.1_154,1.8e-47,160.0,1,GCF_001757355.1,151335_152870_1,NZ_MINO01000001.1
8TM_EpsH,NZ_MINO01000025.1_44,1.4e-38,130.9,1,GCF_001757355.1,47119_48003_-1,NZ_MINO01000025.1
8TM_EpsH,NZ_MINO01000012.1_8,0.015,12.9,0,GCF_001757355.1,3848_4165_1,NZ_MINO01000012.1
8TM_EpsH,CANMSD010000001.1_472,9e-51,170.2,1,GCA_947500645.1,473871_474914_1,CANMSD010000001.1
8TM_EpsH,NZ_CP040517.1_1680,1.3e-58,195.7,1,GCF_005849285.1,1877105_1878583_-1,NZ_CP040517.1
8TM_EpsH,NZ_JAEAGP010000001.1_1520,1.4e-46,156.4,1,GCF_015999305.1,1565517_1567061_1,NZ_JAEAGP010000001.1
8TM_EpsH,NZ_LFCT01000003.1_52,5.4e-54,181.2,1,GCF_008692605.1,51344_52888_-1,NZ_LFCT01000003.1
8TM_EpsH,NZ_QWDF01000001.1_1030,1.6e-38,129.5,1,GCF_003499275.1,997340_998242_1,NZ_QWDF01000001.1
8TM_EpsH,NZ_CP086727.1_1625,2.9e-56,188.3,1,GCF_020906275.1,1666687_1668237_1,NZ_CP086727.1
8TM_EpsH,NZ_CP086727.1_1874,4.1e-40,135.4,1,GCF_020906275.1,1922244_1923122_-1,NZ_CP086727.1
8TM_EpsH,NZ_CP073577.1_842,1.5e-49,166.2,1,GCF_018205975.1,862935_863951_1,NZ_CP073577.1
8TM_EpsH,NZ_CP024920.1_2766,2.4e-52,175.2,1,GCF_002795865.1,2824500_2825495_1,NZ_CP024920.1
8TM_EpsH,NZ_VDYR01000001.1_1060,6.4e-57,190.1,1,GCF_006346325.1,1061013_1062545_-1,NZ_VDYR01000001.1
8TM_EpsH,NZ_CP061038.1_1451,5.9e-62,207.4,1,GCF_014490665.1,1590637_1592172_1,NZ_CP061038.1
8TM_EpsH,NZ_CP061038.1_3235,2e-14,51.7,1,GCF_014490665.1,3488272_3489054_1,NZ_CP061038.1
8TM_EpsH,NZ_JAFFJU010000004.1_8,3.4e-35,118.9,1,GCF_016924655.1,5390_6283_-1,NZ_JAFFJU010000004.1
8TM_EpsH,NZ_LJHV01000002.1_660,1.3e-47,159.7,1,GCF_001296025.1,672634_673644_-1,NZ_LJHV01000002.1
8TM_EpsH,JALCRK010000001.1_175,2e-53,178.8,1,GCA_022652485.1,170231_171742_1,JALCRK010000001.1
8TM_EpsH,JALCRK010000003.1_111,2.8e-33,112.8,1,GCA_022652485.1,106649_107545_1,JALCRK010000003.1
8TM_EpsH,CANLQG010000005.1_79,3.9e-55,184.5,1,GCA_947493195.1,86270_87826_1,CANLQG010000005.1
8TM_EpsH,NZ_CP017113.1_2013,4.1e-54,180.9,1,GCF_001720465.1,2114360_2115367_-1,NZ_CP017113.1
8TM_EpsH,CP079108.1_2010,9.9e-38,127.8,1,GCA_019285715.1,2195929_2196843_-1,CP079108.1
8TM_EpsH,NZ_CP021247.1_2789,5.7e-48,161.7,1,GCF_017309955.1,2988574_2990133_1,NZ_CP021247.1
8TM_EpsH,NZ_JSXI01000025.1_39,1.3e-60,203.1,1,GCF_000803065.1,36922_38457_1,NZ_JSXI01000025.1
8TM_EpsH,NZ_JAATJB010000002.1_264,1.8e-37,127.0,1,GCF_011927635.1,244326_245210_-1,NZ_JAATJB010000002.1
8TM_EpsH,NZ_FNZZ01000001.1_724,3.3e-57,191.2,1,GCF_900109565.1,748290_749834_-1,NZ_FNZZ01000001.1
8TM_EpsH,NZ_LSKQ01000267.1_35,2.3e-48,162.6,1,GCF_001557115.1,34150_35151_1,NZ_LSKQ01000267.1
8TM_EpsH,NZ_CP104207.1_2236,5e-42,141.8,1,GCF_025244705.1,2136832_2138283_-1,NZ_CP104207.1
8TM_EpsH,NZ_JALPRD010000002.1_61,3.5e-46,155.6,1,GCF_023197165.1,65323_66801_1,NZ_JALPRD010000002.1
8TM_EpsH,NZ_BMIH01000002.1_14,1e-33,114.5,1,GCF_014641735.1,13148_14158_-1,NZ_BMIH01000002.1
8TM_EpsH,NZ_LMGI01000002.1_532,1.4e-47,160.2,1,GCF_001427105.1,539567_541045_-1,NZ_LMGI01000002.1
8TM_EpsH,NZ_LMGI01000003.1_802,6.3e-37,125.3,1,GCF_001427105.1,848537_849445_1,NZ_LMGI01000003.1
8TM_EpsH,NZ_CP019449.1_66,1.4e-43,146.9,1,GCF_001984035.1,65295_66806_1,NZ_CP019449.1
8TM_EpsH,NZ_CP031357.1_2091,2e-55,185.5,1,GCF_003355455.1,2130402_2131331_-1,NZ_CP031357.1
8TM_EpsH,NZ_CP103057.1_207,7.4e-58,193.6,1,GCF_025231525.1,211687_213225_1,NZ_CP103057.1
8TM_EpsH,NZ_CP103057.1_2558,4e-41,138.9,1,GCF_025231525.1,2748095_2748973_-1,NZ_CP103057.1
8TM_EpsH,NZ_BMJP01000001.1_131,4.5e-59,197.4,1,GCF_014643515.1,150370_151905_1,NZ_BMJP01000001.1
8TM_EpsH,NZ_CP090059.1_2089,3e-59,198.3,1,GCF_021391395.1,2269253_2270779_1,NZ_CP090059.1
8TM_EpsH,NZ_CP081001.1_1626,2.6e-54,182.2,1,GCF_029590555.1,1652293_1653828_-1,NZ_CP081001.1
8TM_EpsH,NZ_JAINDF010000006.1_258,3.3e-54,181.5,1,GCF_023006325.1,271100_272638_1,NZ_JAINDF010000006.1
8TM_EpsH,NZ_CP033204.1_756,2.3e-45,152.8,1,GCF_022701295.1,775139_776656_1,NZ_CP033204.1
8TM_EpsH,JADJXT010000002.1_703,1.5e-55,185.8,1,GCA_016720115.1,711151_712641_-1,JADJXT010000002.1
8TM_EpsH,NZ_JAQQXQ010000001.1_413,3.3e-51,171.5,1,GCF_028595285.1,432623_433633_-1,NZ_JAQQXQ010000001.1
8TM_EpsH,NZ_JAQQXQ010000002.1_8,1.1e-40,137.0,1,GCF_028595285.1,4323_5162_-1,NZ_JAQQXQ010000002.1
8TM_EpsH,NZ_SBKP01000001.1_327,6.3e-52,173.9,1,GCF_004122115.1,307983_309482_-1,NZ_SBKP01000001.1
8TM_EpsH,NZ_SBKP01000003.1_235,2.1e-34,116.5,1,GCF_004122115.1,252060_252956_-1,NZ_SBKP01000003.1
8TM_EpsH,CANLSQ010000001.1_859,1e-56,189.7,1,GCA_947493955.1,898713_900263_1,CANLSQ010000001.1
8TM_EpsH,NZ_JAPPRG010000002.1_1786,1.8e-51,172.7,1,GCF_026672515.1,1862168_1863736_1,NZ_JAPPRG010000002.1
8TM_EpsH,NZ_CP117516.1_2615,1.4e-47,159.8,1,GCF_028621955.1,2846352_2847359_1,NZ_CP117516.1
8TM_EpsH,NZ_CP116805.1_2281,2.4e-32,109.9,1,GCF_028463845.1,2457221_2458129_1,NZ_CP116805.1
8TM_EpsH,NZ_JAANOZ010000003.1_35,4.6e-55,184.3,1,GCF_011320115.1,37339_38367_1,NZ_JAANOZ010000003.1
8TM_EpsH,NZ_JAANOZ010000016.1_6,8.5e-43,144.1,1,GCF_011320115.1,4626_5579_1,NZ_JAANOZ010000016.1
8TM_EpsH,NZ_JAANPA010000014.1_31,8.4e-58,193.1,1,GCF_011320075.1,25001_26521_-1,NZ_JAANPA010000014.1
8TM_EpsH,NZ_CP011452.2_643,3.8e-52,174.7,1,GCF_001008165.2,677416_678972_-1,NZ_CP011452.2
8TM_EpsH,NZ_CP011452.2_1743,7.1e-28,95.2,1,GCF_001008165.2,1830425_1831282_-1,NZ_CP011452.2
8TM_EpsH,CANMIS010000003.1_549,1.8e-48,162.6,1,GCA_947498065.1,559164_560207_-1,CANMIS010000003.1
8TM_EpsH,NZ_BCYX01000009.1_47,3.3e-51,172.2,1,GCF_001598415.1,52527_54062_1,NZ_BCYX01000009.1
8TM_EpsH,NZ_AP022672.1_622,9.7e-59,196.4,1,GCF_013374095.1,610371_611906_1,NZ_AP022672.1
8TM_EpsH,NZ_RZUL01000003.1_264,8.6e-48,160.6,1,GCF_004005485.1,300691_302214_-1,NZ_RZUL01000003.1
8TM_EpsH,NZ_WMHO01000045.1_2,4.6e-38,128.5,1,GCF_010994245.1,694_1515_-1,NZ_WMHO01000045.1
8TM_EpsH,NZ_CAKASM010000004.1_76,1.3e-53,179.6,1,GCF_916858675.1,65723_67234_-1,NZ_CAKASM010000004.1
8TM_EpsH,NZ_WRPO01000018.1_66,1.6e-47,159.9,1,GCF_009746585.1,71102_72661_1,NZ_WRPO01000018.1
8TM_EpsH,JAHBZH010000001.1_1815,2.9e-52,174.8,1,GCA_019635535.1,1816393_1817922_1,JAHBZH010000001.1
8TM_EpsH,NZ_SDPT01000001.1_892,5.7e-62,206.9,1,GCF_004135605.1,934480_936009_1,NZ_SDPT01000001.1
8TM_EpsH,JACKKY010000002.1_137,4e-51,171.6,1,GCA_024236175.1,133095_134657_1,JACKKY010000002.1
8TM_EpsH,NZ_BBPI01000012.1_2,4.5e-53,177.9,1,GCF_000787715.1,1956_3479_-1,NZ_BBPI01000012.1
8TM_EpsH,NZ_CP043639.1_238,3.9e-58,194.3,1,GCF_014217605.1,248833_250362_1,NZ_CP043639.1
8TM_EpsH,NZ_CP117881.1_2695,4.4e-43,145.5,1,GCF_028736195.1,2995749_2997290_-1,NZ_CP117881.1
8TM_EpsH,NZ_CP117882.1_1044,2.2e-06,25.3,1,GCF_028736195.1,1238366_1240078_1,NZ_CP117882.1
8TM_EpsH,NZ_QFZL01000002.1_91,8.1e-57,190.2,1,GCF_003171655.1,97510_99045_-1,NZ_QFZL01000002.1
8TM_EpsH,NZ_CP084930.1_2432,1.5e-56,189.4,1,GCF_023822065.1,2553895_2555403_1,NZ_CP084930.1
8TM_EpsH,DFLT01000005.1_198,2.8e-58,194.7,1,GCA_002375465.1,202795_204345_1,DFLT01000005.1
8TM_EpsH,NZ_CP022889.1_125,7.4e-49,163.6,1,GCF_002269345.1,130511_132055_1,NZ_CP022889.1
8TM_EpsH,NZ_JAJNDV010000004.1_268,8e-58,193.2,1,GCF_021043375.1,264286_265818_-1,NZ_JAJNDV010000004.1
8TM_EpsH,NZ_QZVQ01000016.1_37,1.7e-15,54.6,1,GCF_003660445.1,46751_47035_1,NZ_QZVQ01000016.1
8TM_EpsH,NZ_JAILXZ010000003.1_557,7.9e-50,167.2,1,GCF_020179475.1,596118_597659_-1,NZ_JAILXZ010000003.1
8TM_EpsH,NZ_JAILXZ010000002.1_442,2.2e-39,133.0,1,GCF_020179475.1,456569_457462_1,NZ_JAILXZ010000002.1
8TM_EpsH,NZ_CP096972.1_749,6.5e-57,190.4,1,GCF_024758725.1,778526_780022_1,NZ_CP096972.1
8TM_EpsH,NZ_LSJY01000134.1_51,4.5e-58,194.6,1,GCF_001556865.1,53340_54872_-1,NZ_LSJY01000134.1
8TM_EpsH,NZ_SACN01000001.1_2747,2.2e-37,126.9,1,GCF_004005865.1,2914790_2915689_1,NZ_SACN01000001.1
8TM_EpsH,NZ_SACN01000003.1_72,9.5e-37,124.8,1,GCF_004005865.1,81566_82462_-1,NZ_SACN01000003.1
8TM_EpsH,NZ_LARW01000103.1_11,1.3e-41,140.7,1,GCF_000971055.1,10835_11788_1,NZ_LARW01000103.1
8TM_EpsH,NZ_NWVD01000001.1_1015,7.8e-53,177.2,1,GCF_002374835.1,1089051_1090604_1,NZ_NWVD01000001.1
8TM_EpsH,NZ_CP021912.1_2125,1.3e-47,159.8,1,GCF_003264115.1,2264028_2265059_-1,NZ_CP021912.1
8TM_EpsH,NZ_SPHY01000002.1_365,4e-55,184.3,1,GCF_004796535.1,347707_349212_-1,NZ_SPHY01000002.1
8TM_EpsH,NZ_SPHY01000002.1_273,3.1e-41,138.8,1,GCF_004796535.1,255444_256322_1,NZ_SPHY01000002.1
8TM_EpsH,NZ_QRBB01000001.1_2253,1.9e-46,156.0,1,GCF_003363135.1,2368297_2369853_-1,NZ_QRBB01000001.1
8TM_EpsH,NZ_OGVD01000004.1_1031,3.3e-56,188.1,1,GCF_900258045.1,1070530_1072080_-1,NZ_OGVD01000004.1
8TM_EpsH,CP113055.1_378,7.2e-52,173.9,1,GCA_026625625.1,398852_400399_1,CP113055.1
8TM_EpsH,NZ_JSBN01000001.1_5,2.5e-57,192.3,1,GCF_000797515.1,4628_6181_-1,NZ_JSBN01000001.1
8TM_EpsH,JAJGNO010000006.1_103,8.4e-54,180.4,1,GCA_020782235.1,100320_101852_1,JAJGNO010000006.1
8TM_EpsH,NZ_JACJVJ010000002.1_207,8.6e-61,203.0,1,GCF_014237875.1,228934_230463_-1,NZ_JACJVJ010000002.1
8TM_EpsH,CANMRM010000007.1_92,7.7e-49,164.2,1,GCA_947500295.1,95277_96815_1,CANMRM010000007.1
8TM_EpsH,CANMRM010000005.1_318,3.3e-09,34.4,1,GCA_947500295.1,374581_375912_1,CANMRM010000005.1
8TM_EpsH,NZ_JAGSGB010000004.1_193,7.7e-58,193.3,1,GCF_020092905.1,212962_214509_-1,NZ_JAGSGB010000004.1
8TM_EpsH,NZ_CP009122.1_2991,1.9e-44,150.0,1,GCF_000803645.1,3227451_3228926_-1,NZ_CP009122.1
8TM_EpsH,NZ_CP009122.1_2286,3.4e-38,129.6,1,GCF_000803645.1,2470908_2471822_1,NZ_CP009122.1
8TM_EpsH,NZ_LDTE01000089.1_2,2.9e-52,175.3,1,GCF_001476905.1,1921_3441_-1,NZ_LDTE01000089.1
8TM_EpsH,NZ_AEUE01000006.1_20,9.1e-48,160.2,1,GCF_000186705.1,19965_21518_1,NZ_AEUE01000006.1
8TM_EpsH,NZ_AEUE01000004.1_142,0.0055,13.6,1,GCF_000186705.1,148932_149363_-1,NZ_AEUE01000004.1
8TM_EpsH,NZ_JAHXZM010000001.1_432,9.2e-59,196.4,1,GCF_019429535.1,449819_451366_1,NZ_JAHXZM010000001.1
8TM_EpsH,NZ_JEMV01000037.1_14,6.2e-55,184.6,1,GCF_000588875.1,13352_14887_1,NZ_JEMV01000037.1
8TM_EpsH,NZ_JAHRGM010000067.1_56,1.9e-54,182.8,1,GCF_019097845.1,59045_60580_1,NZ_JAHRGM010000067.1
8TM_EpsH,NZ_LDCP01000002.1_28,2.5e-53,178.3,1,GCF_001021555.1,28901_30457_1,NZ_LDCP01000002.1
8TM_EpsH,NZ_LR732707.1_722,2.7e-52,175.2,1,GCF_902506555.1,754903_756465_1,NZ_LR732707.1
8TM_EpsH,NZ_LMRS01000001.1_497,1e-32,111.3,1,GCF_001426195.1,537733_538653_1,NZ_LMRS01000001.1
8TM_EpsH,NZ_JADCUC010000008.1_82,7.3e-44,147.6,1,GCF_016464365.1,86350_87252_-1,NZ_JADCUC010000008.1
8TM_EpsH,NZ_CP034179.1_4066,7.5e-51,170.8,1,GCF_003860345.1,4302276_4303847_-1,NZ_CP034179.1
8TM_EpsH,NZ_CP096971.1_3385,7.1e-60,200.2,1,GCF_024758705.1,3601265_3602788_1,NZ_CP096971.1
8TM_EpsH,NZ_LMKH01000001.1_562,1.1e-52,176.9,1,GCF_001421415.1,659018_660493_-1,NZ_LMKH01000001.1
8TM_EpsH,NZ_LMKH01000016.1_29,1e-31,108.2,1,GCF_001421415.1,30751_31626_1,NZ_LMKH01000016.1
8TM_EpsH,NZ_ATUR01000003.1_168,4.2e-56,187.5,1,GCF_000420305.1,183716_184690_-1,NZ_ATUR01000003.1
8TM_EpsH,NZ_ATUR01000003.1_235,2.3e-39,132.7,1,GCF_000420305.1,255947_256870_1,NZ_ATUR01000003.1
8TM_EpsH,NZ_JACIJK010000006.1_175,9.6e-55,183.4,1,GCF_014199305.1,165747_167300_-1,NZ_JACIJK010000006.1
8TM_EpsH,LWDJ01000010.1_11,4.2e-56,187.5,1,GCA_002083435.1,9767_11284_-1,LWDJ01000010.1
8TM_EpsH,LWDJ01000021.1_49,2.5e-20,70.4,1,GCA_002083435.1,52420_53283_-1,LWDJ01000021.1
8TM_EpsH,NZ_JH584241.1_2555,9.3e-59,196.8,1,GCF_000241485.1,2692781_2694310_1,NZ_JH584241.1
8TM_EpsH,NZ_CP021378.1_2220,1.5e-46,156.4,1,GCF_002215495.1,2345785_2346789_-1,NZ_CP021378.1
8TM_EpsH,NZ_JAIOKB010000007.1_103,3.8e-41,139.0,1,GCF_019898765.1,110046_110942_-1,NZ_JAIOKB010000007.1
8TM_EpsH,NZ_JAASQV010000001.1_818,9.7e-57,190.2,1,GCF_011761945.1,842743_844296_1,NZ_JAASQV010000001.1
8TM_EpsH,NZ_LSIJ01000046.1_45,1.1e-57,193.0,1,GCF_001556185.1,48714_50228_1,NZ_LSIJ01000046.1
8TM_EpsH,NZ_CP048817.1_1754,5.4e-59,197.7,1,GCF_014171475.1,1851037_1852575_-1,NZ_CP048817.1
8TM_EpsH,NZ_CP048817.1_2973,7.1e-14,49.9,1,GCF_014171475.1,3120686_3121465_1,NZ_CP048817.1
8TM_EpsH,NZ_QJQX01000037.1_56,9.6e-52,174.1,1,GCF_013393185.1,58491_60026_-1,NZ_QJQX01000037.1
8TM_EpsH,NZ_QJQX01000043.1_9,0.054,11.2,0,GCF_013393185.1,4227_5798_1,NZ_QJQX01000043.1
8TM_EpsH,NZ_JABCRE010000002.1_1112,7.5e-51,170.1,1,GCF_012972675.1,1193156_1194730_-1,NZ_JABCRE010000002.1
8TM_EpsH,NZ_WTYU01000001.1_1132,4.1e-56,187.5,1,GCF_009827615.1,1216326_1217912_-1,NZ_WTYU01000001.1
8TM_EpsH,NZ_JACYVA010000001.1_113,2.1e-55,185.4,1,GCF_014842075.1,139463_140983_-1,NZ_JACYVA010000001.1
8TM_EpsH,SCNS01000004.1_222,9.6e-44,147.7,1,GCA_005503215.1,237394_238872_-1,SCNS01000004.1
8TM_EpsH,SCNS01000011.1_15,7.4e-38,128.4,1,GCA_005503215.1,14817_15728_-1,SCNS01000011.1
8TM_EpsH,NZ_SLXO01000008.1_17,3.7e-61,204.0,1,GCF_004341375.1,17988_19595_1,NZ_SLXO01000008.1
8TM_EpsH,NZ_FOGE01000014.1_119,2.9e-54,182.3,1,GCF_900111125.1,120090_121607_-1,NZ_FOGE01000014.1
8TM_EpsH,NZ_AORL01000021.1_567,4e-55,184.6,1,GCF_000383095.1,614449_615978_-1,NZ_AORL01000021.1
8TM_EpsH,NZ_JADJYM010000015.1_379,2.7e-54,181.9,1,GCF_016719755.1,382025_383581_1,NZ_JADJYM010000015.1
8TM_EpsH,NZ_JALKAZ010000001.1_1244,1.6e-53,179.0,1,GCF_023016005.1,1313881_1314918_1,NZ_JALKAZ010000001.1
8TM_EpsH,NZ_CP041409.1_455,3.4e-59,197.4,1,GCF_007065885.1,466825_467817_-1,NZ_CP041409.1
8TM_EpsH,NZ_CP041409.1_2025,1.4,5.5,0,GCF_007065885.1,2109399_2110316_1,NZ_CP041409.1
8TM_EpsH,NZ_BMDW01000003.1_254,1e-57,193.0,1,GCF_014636175.1,250033_251589_-1,NZ_BMDW01000003.1
8TM_EpsH,JAGSNX010000007.1_128,4.4e-50,168.2,1,GCA_018139225.1,154678_156180_1,JAGSNX010000007.1
8TM_EpsH,JAGSNX010000001.1_724,1.2e-38,130.7,1,GCA_018139225.1,759547_760437_-1,JAGSNX010000001.1
8TM_EpsH,NZ_CP110678.1_768,1.3e-55,186.0,1,GCF_026167545.1,842303_843838_-1,NZ_CP110678.1
8TM_EpsH,NZ_LT840185.1_2299,3.7e-59,197.4,1,GCF_900177405.1,2329650_2331182_1,NZ_LT840185.1
8TM_EpsH,NZ_CP016591.1_2245,8e-49,163.7,1,GCF_001698205.1,2287530_2288522_-1,NZ_CP016591.1
8TM_EpsH,NZ_CP005188.1_1279,2.9e-50,169.0,1,GCF_001563285.1,1351912_1353447_1,NZ_CP005188.1
8TM_EpsH,NZ_JAATJI010000001.1_1737,6.6e-38,128.0,1,GCF_011927825.1,1880474_1881469_-1,NZ_JAATJI010000001.1
8TM_EpsH,NZ_JAATJI010000001.1_190,7.8e-36,121.2,1,GCF_011927825.1,192151_193038_1,NZ_JAATJI010000001.1
8TM_EpsH,NZ_JXQC01000003.1_850,1.4e-57,192.7,1,GCF_001305965.1,928059_929603_1,NZ_JXQC01000003.1
8TM_EpsH,NZ_JXQC01000003.1_2074,0.12,9.5,0,GCF_001305965.1,2217023_2218486_1,NZ_JXQC01000003.1
8TM_EpsH,NZ_JH584235.1_493,3.4e-57,191.5,1,GCF_000241465.1,549452_551008_-1,NZ_JH584235.1
8TM_EpsH,JAKKIE010000017.1_53,1.3e-49,166.9,1,GCA_021742065.1,53051_54580_1,JAKKIE010000017.1
8TM_EpsH,JAKKIE010000027.1_33,1.2e-39,134.2,1,GCA_021742065.1,38522_39361_1,JAKKIE010000027.1
8TM_EpsH,NZ_WTYJ01000002.1_735,5.3e-56,187.5,1,GCF_009827305.1,801401_802975_1,NZ_WTYJ01000002.1
8TM_EpsH,NZ_CP023449.1_4673,3.3e-41,139.5,1,GCF_002355275.1,4970765_4971649_1,NZ_CP023449.1
8TM_EpsH,NZ_QBKA01000002.1_1217,2.6e-55,184.8,1,GCF_003340475.1,1257470_1259032_-1,NZ_QBKA01000002.1
8TM_EpsH,NZ_JAMGBE010000003.1_16,2.6e-39,132.3,1,GCF_023516575.1,13445_14368_-1,NZ_JAMGBE010000003.1
8TM_EpsH,NZ_CP014168.1_3415,7.9e-56,187.3,1,GCF_001717955.1,3779844_3781382_-1,NZ_CP014168.1
8TM_EpsH,NZ_CP014168.1_1960,2.3e-27,94.1,1,GCF_001717955.1,2174817_2175713_1,NZ_CP014168.1
8TM_EpsH,NZ_JQFJ01000002.1_867,1e-43,146.9,1,GCF_000763945.1,913757_915274_-1,NZ_JQFJ01000002.1
8TM_EpsH,NZ_LR733844.1_363,3.5e-41,138.9,1,GCF_902506455.1,370902_371825_1,NZ_LR733844.1
8TM_EpsH,NZ_CP060494.1_844,4.4e-55,184.2,1,GCF_014334115.1,924460_925995_-1,NZ_CP060494.1
8TM_EpsH,NZ_CP060494.1_733,0.019,11.9,0,GCF_014334115.1,810126_811301_-1,NZ_CP060494.1
8TM_EpsH,NZ_JACIDH010000010.1_47,5.1e-54,180.9,1,GCF_014196255.1,55538_57025_1,NZ_JACIDH010000010.1
8TM_EpsH,NZ_JAPDOK010000005.1_201,2.7e-56,188.6,1,GCF_026013415.1,189796_191328_-1,NZ_JAPDOK010000005.1
8TM_EpsH,NZ_CP115960.1_371,3.4e-56,188.5,1,GCF_027941955.1,349000_350574_1,NZ_CP115960.1
8TM_EpsH,NZ_QAOF01000001.1_814,6.5e-55,184.0,1,GCF_003050745.1,878044_879519_1,NZ_QAOF01000001.1
8TM_EpsH,NZ_JARESE010000062.1_106,1.9e-50,169.7,1,GCF_029076845.1,122714_124276_-1,NZ_JARESE010000062.1
8TM_EpsH,NZ_CP042306.1_1935,3.9e-54,181.3,1,GCF_007859635.1,1882641_1884167_-1,NZ_CP042306.1
8TM_EpsH,NZ_CP042306.1_2329,6.5e-39,131.4,1,GCF_007859635.1,2294474_2295475_-1,NZ_CP042306.1
8TM_EpsH,CANNBH010000001.1_1497,1.3e-50,169.6,1,GCA_947502815.1,1537124_1538167_1,CANNBH010000001.1
8TM_EpsH,NZ_CP042239.1_1086,4.2e-59,197.7,1,GCF_007833215.1,1143684_1145222_-1,NZ_CP042239.1
8TM_EpsH,NZ_KV887144.1_126,5.6e-59,197.1,1,GCF_001956315.1,149433_150968_1,NZ_KV887144.1
8TM_EpsH,NZ_MOLY01000030.1_12,1.8e-33,113.6,1,GCF_001956315.1,16245_17117_1,NZ_MOLY01000030.1
8TM_EpsH,NZ_ATHO01000021.1_1,8.4e-53,177.2,1,GCF_000445065.1,2_907_-1,NZ_ATHO01000021.1
8TM_EpsH,NZ_LMIB01000012.1_411,3.5e-42,142.5,1,GCF_001429065.1,441386_442318_1,NZ_LMIB01000012.1
8TM_EpsH,CANMXN010000003.1_37,6.5e-55,183.4,1,GCA_947501885.1,41171_42715_1,CANMXN010000003.1
8TM_EpsH,NZ_SCMU01000029.1_8,5.9e-44,147.9,1,GCF_005503695.1,6561_8039_-1,NZ_SCMU01000029.1
8TM_EpsH,NZ_CANMCP010000010.1_70,1.1e-41,140.4,1,GCF_947496385.1,71035_72003_-1,NZ_CANMCP010000010.1
8TM_EpsH,CP000699.1_2400,2.4e-42,143.4,1,GCA_000016765.1,2630647_2631558_1,CP000699.1
8TM_EpsH,NC_015580.1_2148,4e-49,165.4,1,GCF_000253255.1,2297959_2299509_1,NC_015580.1
8TM_EpsH,NZ_CP011310.1_1885,7.8e-55,183.5,1,GCF_001077815.2,1935357_1936916_1,NZ_CP011310.1
8TM_EpsH,NZ_BNCI01000002.1_521,3.2e-32,109.3,1,GCF_014656395.1,564993_565904_-1,NZ_BNCI01000002.1
8TM_EpsH,NZ_BNCI01000002.1_274,0.0079,13.0,1,GCF_014656395.1,302424_302759_1,NZ_BNCI01000002.1
8TM_EpsH,NZ_JAEANY010000002.1_745,1.5e-55,185.6,1,GCF_016019885.1,752374_753930_-1,NZ_JAEANY010000002.1
8TM_EpsH,NZ_JALKAJ010000003.1_195,4.3e-51,171.1,1,GCF_023015615.1,205545_206576_1,NZ_JALKAJ010000003.1
8TM_EpsH,NZ_SKCG01000001.1_335,2.1e-55,185.3,1,GCF_005434915.1,367592_369145_1,NZ_SKCG01000001.1
8TM_EpsH,NZ_SKCG01000002.1_689,1.7e-25,87.4,1,GCF_005434915.1,731815_732681_1,NZ_SKCG01000002.1
8TM_EpsH,NZ_LBHB01000001.1_598,3.2e-56,187.8,1,GCF_001010945.1,621336_622892_1,NZ_LBHB01000001.1
8TM_EpsH,CANLPY010000001.1_469,3.7e-52,174.5,1,GCA_947493165.1,470738_471781_-1,CANLPY010000001.1
8TM_EpsH,NZ_SOSI01000003.1_444,5.9e-39,131.3,1,GCF_029760855.1,455995_456897_1,NZ_SOSI01000003.1
8TM_EpsH,NZ_JRVC01000002.1_251,5.1e-49,165.0,1,GCF_000807925.1,261945_263513_-1,NZ_JRVC01000002.1
8TM_EpsH,NZ_JRVC01000034.1_29,4e-36,122.8,1,GCF_000807925.1,29364_30245_-1,NZ_JRVC01000034.1
8TM_EpsH,NZ_JAOBPO010000003.1_56,4.8e-51,171.2,1,GCF_025574485.1,59096_60625_1,NZ_JAOBPO010000003.1
8TM_EpsH,NZ_JAOBPO010000001.1_594,4.5e-09,33.8,1,GCF_025574485.1,646999_648366_-1,NZ_JAOBPO010000001.1
8TM_EpsH,NZ_JACDXU010000001.1_1009,2.1e-56,188.6,1,GCF_020539485.1,1041221_1042783_-1,NZ_JACDXU010000001.1
8TM_EpsH,NZ_JACDXU010000002.1_147,0.029,11.3,0,GCF_020539485.1,138649_139281_-1,NZ_JACDXU010000002.1
8TM_EpsH,NZ_SSHH01000002.1_26,1.5e-52,176.0,1,GCF_004965515.1,28452_30008_1,NZ_SSHH01000002.1
8TM_EpsH,NZ_SSHH01000003.1_417,0.12,9.3,0,GCF_004965515.1,446866_447462_1,NZ_SSHH01000003.1
8TM_EpsH,NZ_SLXW01000003.1_711,1.6e-57,192.7,1,GCF_004341085.1,850097_851599_-1,NZ_SLXW01000003.1
8TM_EpsH,NZ_JAPDOB010000001.1_377,1e-33,114.1,1,GCF_026013565.1,375571_376449_-1,NZ_JAPDOB010000001.1
8TM_EpsH,NZ_JAIGNR010000001.1_21,4.9e-39,131.5,1,GCF_019711595.1,20722_21636_-1,NZ_JAIGNR010000001.1
8TM_EpsH,NZ_WVTD01000002.1_235,6.1e-53,177.7,1,GCF_009856825.1,232371_233915_-1,NZ_WVTD01000002.1
8TM_EpsH,NZ_JABAID010000007.1_116,9.9e-51,170.5,1,GCF_012641335.1,123139_124725_-1,NZ_JABAID010000007.1
8TM_EpsH,NZ_BCZQ01000006.1_137,2.4e-47,159.2,1,GCF_001598815.1,144029_145540_-1,NZ_BCZQ01000006.1
8TM_EpsH,NZ_BARE01000037.1_2,2.6e-54,182.2,1,GCF_000367345.1,1691_3226_-1,NZ_BARE01000037.1
8TM_EpsH,NZ_CP049869.1_1943,3.2e-30,102.7,1,GCF_011300455.1,1893545_1894183_1,NZ_CP049869.1
8TM_EpsH,NZ_CP049107.1_2959,1.1e-39,134.2,1,GCF_011044255.1,3228079_3229011_-1,NZ_CP049107.1
8TM_EpsH,NZ_CP039249.1_2956,1.7e-54,182.7,1,GCF_004795835.1,3237101_3238576_-1,NZ_CP039249.1
8TM_EpsH,NZ_CP024923.1_1476,1.9e-53,179.4,1,GCF_002796605.1,1622663_1624198_-1,NZ_CP024923.1
8TM_EpsH,NZ_JABULH010000001.1_517,8.8e-56,186.7,1,GCF_013328205.1,517352_518896_1,NZ_JABULH010000001.1
8TM_EpsH,NZ_WTYS01000001.1_1647,1.7e-49,165.8,1,GCF_009827545.1,1742561_1744147_1,NZ_WTYS01000001.1
8TM_EpsH,NZ_CP060718.1_2175,2.7e-36,122.4,1,GCF_014396785.1,2103673_2104344_-1,NZ_CP060718.1
8TM_EpsH,NZ_JACIFA010000002.1_365,1e-53,180.1,1,GCF_014197135.1,386125_387651_1,NZ_JACIFA010000002.1
8TM_EpsH,NZ_JAKFIA010000001.1_651,2.6e-63,211.3,1,GCF_022569295.1,714979_716604_1,NZ_JAKFIA010000001.1
8TM_EpsH,NZ_CP045434.1_557,3.9e-39,132.0,1,GCF_009363895.1,589971_590858_1,NZ_CP045434.1
8TM_EpsH,NZ_VDES01000001.1_283,3.8e-52,174.8,1,GCF_013607875.1,300035_301582_-1,NZ_VDES01000001.1
8TM_EpsH,NZ_VDES01000002.1_27,4.2e-33,112.5,1,GCF_013607875.1,32967_33809_1,NZ_VDES01000002.1
8TM_EpsH,NZ_JADQTN010000001.1_1085,2.5e-55,184.9,1,GCF_017812015.1,1144928_1146490_-1,NZ_JADQTN010000001.1
8TM_EpsH,NZ_ANFY01000005.1_172,1.1e-39,133.8,1,GCF_000331225.1,203595_204491_1,NZ_ANFY01000005.1
8TM_EpsH,NZ_JAANYY010000002.1_1495,3.9e-44,148.5,1,GCF_012274265.1,1615907_1617385_-1,NZ_JAANYY010000002.1
8TM_EpsH,NZ_KQ954244.1_1825,4.4e-50,168.1,1,GCF_001519075.1,1962358_1963932_1,NZ_KQ954244.1
8TM_EpsH,NZ_JAROCY010000003.1_25,3.5e-51,172.0,1,GCF_029436685.1,27897_29459_-1,NZ_JAROCY010000003.1
8TM_EpsH,NZ_CAVK010000068.1_18,9.8e-08,29.8,1,GCF_000382885.1,18690_19004_1,NZ_CAVK010000068.1
8TM_EpsH,NZ_BCYZ01000007.1_7,1.3e-50,170.1,1,GCF_001598455.1,4331_5866_-1,NZ_BCYZ01000007.1
8TM_EpsH,NZ_QYOS01000025.1_718,6.3e-56,187.0,1,GCF_003605195.1,720659_722215_-1,NZ_QYOS01000025.1
8TM_EpsH,NZ_CP050265.1_826,1.5e-45,153.1,1,GCF_011765465.1,859541_860551_1,NZ_CP050265.1
8TM_EpsH,BAYV01000002.1_21,6.8e-62,206.4,1,GCA_000710935.1,27286_28905_1,BAYV01000002.1
8TM_EpsH,NZ_WTYV01000004.1_252,8.7e-55,183.5,1,GCF_009827655.1,276982_278538_-1,NZ_WTYV01000004.1
8TM_EpsH,CANMMR010000003.1_267,2.2e-50,168.8,1,GCA_947499095.1,264691_265626_-1,CANMMR010000003.1
8TM_EpsH,NZ_CP046120.1_45,5.4e-49,164.6,1,GCF_009707465.1,46583_48139_1,NZ_CP046120.1
8TM_EpsH,NZ_CP046120.1_3559,3e-35,119.6,1,GCF_009707465.1,3650363_3651322_1,NZ_CP046120.1
8TM_EpsH,NZ_JABBFY010000001.1_431,7.5e-59,197.1,1,GCF_012927115.1,435913_437445_1,NZ_JABBFY010000001.1
8TM_EpsH,NZ_BMGD01000006.1_47,9.9e-55,183.2,1,GCF_014639875.1,49715_51259_-1,NZ_BMGD01000006.1
8TM_EpsH,NZ_BMGD01000008.1_4,2.1e-28,97.1,1,GCF_014639875.1,3190_4002_-1,NZ_BMGD01000008.1
8TM_EpsH,NZ_FOZG01000001.1_982,1.4e-59,199.3,1,GCF_900113315.1,1052320_1053882_-1,NZ_FOZG01000001.1
8TM_EpsH,NZ_JACIAY010000004.1_201,2.2e-39,133.4,1,GCF_014194975.1,254722_255618_1,NZ_JACIAY010000004.1
8TM_EpsH,NZ_JAPFBJ010000001.1_832,1.7e-52,175.9,1,GCF_030867385.1,851471_852970_1,NZ_JAPFBJ010000001.1
8TM_EpsH,NZ_JAPFBJ010000001.1_1212,3.1e-35,119.4,1,GCF_030867385.1,1250397_1251302_1,NZ_JAPFBJ010000001.1
8TM_EpsH,NZ_CP081297.1_1139,2.6e-52,175.0,1,GCF_019711355.1,1154864_1155859_1,NZ_CP081297.1
8TM_EpsH,NZ_VIRF01000058.1_44,1.3e-52,176.6,1,GCF_008107685.1,47124_48683_1,NZ_VIRF01000058.1
8TM_EpsH,NZ_JADMNM010000002.1_186,1.1e-55,185.8,1,GCF_016461955.1,195719_197272_-1,NZ_JADMNM010000002.1
8TM_EpsH,NZ_SLYD01000005.1_200,2e-54,182.5,1,GCF_004340945.1,227658_229133_-1,NZ_SLYD01000005.1
8TM_EpsH,NZ_AP017898.1_594,4.8e-42,141.8,1,GCF_003609835.1,644453_645931_1,NZ_AP017898.1
8TM_EpsH,NZ_OY284433.1_158,1.8e-48,162.6,1,GCF_958304185.1,161247_162251_1,NZ_OY284433.1
8TM_EpsH,NZ_VHJK01000001.1_2418,6.2e-53,177.1,1,GCF_007004095.1,2568184_2569221_1,NZ_VHJK01000001.1
8TM_EpsH,NZ_QFFF01000002.1_19,7.7e-56,186.6,1,GCF_003129465.1,18090_19622_1,NZ_QFFF01000002.1
8TM_EpsH,NZ_QFFF01000001.1_2313,1.3e-37,127.0,1,GCF_003129465.1,2351470_2352366_-1,NZ_QFFF01000001.1
8TM_EpsH,NZ_CAKLBX010000001.1_2069,6.3e-52,174.4,1,GCF_920987055.1,2135475_2137043_-1,NZ_CAKLBX010000001.1
8TM_EpsH,NZ_JARNTV010000029.1_8,1.1e-59,199.8,1,GCF_029433115.1,7670_9202_1,NZ_JARNTV010000029.1
8TM_EpsH,NZ_JAIUZK010000002.1_946,3.7e-53,177.7,1,GCF_020171965.1,952160_953170_1,NZ_JAIUZK010000002.1
8TM_EpsH,NZ_QXFM01000030.1_14,8.2e-59,196.9,1,GCF_003584015.1,13872_15428_1,NZ_QXFM01000030.1
8TM_EpsH,NZ_QXFM01000044.1_7,3.1e-27,93.5,1,GCF_003584015.1,3491_4357_-1,NZ_QXFM01000044.1
8TM_EpsH,NZ_JABCNG010000001.1_822,3.2e-52,175.5,1,GCF_012932495.1,944866_946422_1,NZ_JABCNG010000001.1
8TM_EpsH,NZ_JAATIT010000001.1_151,1.2e-40,137.3,1,GCF_011926545.1,190422_191900_-1,NZ_JAATIT010000001.1
8TM_EpsH,NZ_FOOR01000013.1_51,2.1e-52,175.8,1,GCF_900113255.1,61428_62969_-1,NZ_FOOR01000013.1
8TM_EpsH,NZ_CP046252.1_1176,2.2e-53,179.1,1,GCF_009720145.1,1252551_1254083_-1,NZ_CP046252.1
8TM_EpsH,NZ_CP046252.1_718,4.7e-38,129.0,1,GCF_009720145.1,748474_749355_1,NZ_CP046252.1
8TM_EpsH,NZ_CP009429.1_3206,3.2e-42,142.9,1,GCF_001314325.1,3246516_3248030_-1,NZ_CP009429.1
8TM_EpsH,NZ_JACCCJ010000006.1_36,2e-41,139.8,1,GCF_013410105.1,36688_38166_1,NZ_JACCCJ010000006.1
8TM_EpsH,JAPZRO010000004.1_706,1.7e-48,162.6,1,GCA_027531395.1,732452_733462_1,JAPZRO010000004.1
8TM_EpsH,NZ_AP018664.1_1103,1.5e-51,173.3,1,GCF_003967075.1,1174961_1176550_1,NZ_AP018664.1
8TM_EpsH,NZ_JAHWXP010000001.1_373,1.3e-47,159.8,1,GCF_019857185.1,385197_386741_1,NZ_JAHWXP010000001.1
8TM_EpsH,NZ_JAVAMS010000002.1_917,9.1e-54,180.2,1,GCF_030730945.1,957286_958842_-1,NZ_JAVAMS010000002.1
8TM_EpsH,NZ_WNJP01000015.1_16,1.4e-40,136.9,1,GCF_009733735.1,15628_16524_1,NZ_WNJP01000015.1
8TM_EpsH,NZ_JAIGNS010000003.1_125,2.2e-52,175.1,1,GCF_019711615.1,130636_131646_-1,NZ_JAIGNS010000003.1
8TM_EpsH,NZ_AMRV01000006.1_139,6.3e-56,187.0,1,GCF_000342165.1,153769_155337_-1,NZ_AMRV01000006.1
8TM_EpsH,NZ_AMRV01000003.1_273,0.002,15.1,1,GCF_000342165.1,288670_288915_1,NZ_AMRV01000003.1
8TM_EpsH,NZ_BCTY01000009.1_71,2.8e-52,175.4,1,GCF_001591005.1,85031_86551_1,NZ_BCTY01000009.1
8TM_EpsH,NZ_CP041025.1_1396,1.3e-62,209.2,1,GCF_006385135.1,1568975_1570549_1,NZ_CP041025.1
8TM_EpsH,NZ_CP041025.1_2561,0.035,11.3,0,GCF_006385135.1,2896149_2896742_1,NZ_CP041025.1
8TM_EpsH,JADJGU010000003.1_219,7.4e-59,196.6,1,GCA_016707885.1,205114_206604_1,JADJGU010000003.1
8TM_EpsH,NZ_JACKKX010000005.1_91,4.4e-53,177.6,1,GCF_024236215.1,101605_103161_1,NZ_JACKKX010000005.1
8TM_EpsH,CANMEE010000002.1_449,1.1e-56,189.6,1,GCA_947496865.1,461627_463177_1,CANMEE010000002.1
8TM_EpsH,NZ_LMAU01000002.1_60,1.2e-48,163.1,1,GCF_001441535.1,55852_56784_1,NZ_LMAU01000002.1
8TM_EpsH,NZ_LMAU01000007.1_140,5.2e-42,141.3,1,GCF_001441535.1,140035_140934_-1,NZ_LMAU01000007.1
8TM_EpsH,NZ_BMKL01000001.1_1136,5.8e-52,173.8,1,GCF_014644315.1,1224024_1225019_-1,NZ_BMKL01000001.1
8TM_EpsH,NZ_AQXF01000002.1_14,1.2e-57,192.8,1,GCF_000375545.1,18204_19706_1,NZ_AQXF01000002.1
8TM_EpsH,JARFNK010000008.1_190,9.7e-52,174.3,1,GCA_029167225.1,181150_182676_1,JARFNK010000008.1
8TM_EpsH,NZ_JAIQXT010000002.1_295,1.4e-57,192.7,1,GCF_020177055.1,300501_302030_1,NZ_JAIQXT010000002.1
8TM_EpsH,NZ_CP131039.1_2404,6.4e-54,180.5,1,GCF_030657335.1,2470643_2472202_-1,NZ_CP131039.1
8TM_EpsH,NZ_JAKZHW010000001.1_211,5.7e-38,128.2,1,GCF_022568775.1,199556_200440_-1,NZ_JAKZHW010000001.1
8TM_EpsH,NZ_CP046535.1_644,7.6e-63,210.1,1,GCF_009739515.1,735417_736964_1,NZ_CP046535.1
8TM_EpsH,NZ_CP046535.1_2958,3.1e-36,123.0,1,GCF_009739515.1,3140964_3141818_1,NZ_CP046535.1
8TM_EpsH,NZ_JALHLF010000006.1_15,9.7e-53,177.0,1,GCF_022832435.1,14965_16491_1,NZ_JALHLF010000006.1
8TM_EpsH,NZ_LDTB01000026.1_74,5.5e-42,141.6,1,GCF_001476895.1,78903_79826_-1,NZ_LDTB01000026.1
8TM_EpsH,NZ_WTYD01000001.1_1121,1.9e-50,168.9,1,GCF_009827295.1,1164662_1165675_-1,NZ_WTYD01000001.1
8TM_EpsH,NZ_CP020538.1_551,3.5e-51,171.9,1,GCF_002080435.1,588199_589734_-1,NZ_CP020538.1
8TM_EpsH,NZ_CP020538.1_1773,0.033,11.6,0,GCF_002080435.1,1844984_1845427_-1,NZ_CP020538.1
8TM_EpsH,JAFHKN010000002.1_1847,2.4e-55,185.5,1,GCA_016937575.1,1924983_1926506_-1,JAFHKN010000002.1
8TM_EpsH,NZ_QXDC01000002.1_122,2.6e-58,195.3,1,GCF_003550065.1,144193_145710_1,NZ_QXDC01000002.1
8TM_EpsH,NZ_NFUR01000002.1_663,4.1e-56,188.0,1,GCF_002127225.1,688578_690119_1,NZ_NFUR01000002.1
8TM_EpsH,NZ_JACBZF010000001.1_389,1.2e-53,179.7,1,GCF_013408095.1,406390_407973_1,NZ_JACBZF010000001.1
8TM_EpsH,NZ_FZPA01000002.1_107,8.5e-43,144.3,1,GCF_900188185.1,130696_132210_-1,NZ_FZPA01000002.1
8TM_EpsH,NZ_CP117025.1_1988,5.7e-58,194.0,1,GCF_028551275.1,2128271_2129791_1,NZ_CP117025.1
8TM_EpsH,NZ_NOXT01000108.1_27,8.1e-37,124.6,1,GCF_002251755.1,30475_31392_-1,NZ_NOXT01000108.1
8TM_EpsH,NZ_BCTZ01000001.1_311,9.6e-57,189.8,1,GCF_001591025.1,324527_326065_1,NZ_BCTZ01000001.1
8TM_EpsH,NZ_JAHXZS010000001.1_188,6.8e-54,180.2,1,GCF_019740335.1,183025_184545_1,NZ_JAHXZS010000001.1
8TM_EpsH,NZ_MUYG01000009.1_293,2.8e-47,158.7,1,GCF_002155425.1,297698_298705_-1,NZ_MUYG01000009.1
8TM_EpsH,NZ_JACIJF010000001.1_64,3.8e-56,188.2,1,GCF_014199255.1,61961_63493_1,NZ_JACIJF010000001.1
8TM_EpsH,NZ_JACIJF010000013.1_64,2.3e-32,110.3,1,GCF_014199255.1,67062_67967_1,NZ_JACIJF010000013.1
8TM_EpsH,NZ_JACIJP010000001.1_448,3.2e-55,184.9,1,GCF_014199435.1,459550_461064_-1,NZ_JACIJP010000001.1
8TM_EpsH,NZ_JACIJP010000001.1_950,1.5e-37,127.0,1,GCF_014199435.1,1026888_1027871_-1,NZ_JACIJP010000001.1
8TM_EpsH,NZ_SLYA01000002.1_366,6.1e-54,180.9,1,GCF_004340965.1,390082_391557_1,NZ_SLYA01000002.1
8TM_EpsH,NZ_FNZB01000001.1_1534,3.6e-54,181.7,1,GCF_900109205.1,1629018_1630538_-1,NZ_FNZB01000001.1
8TM_EpsH,NZ_QRGP01000001.1_461,2.1e-57,191.9,1,GCF_003367235.1,454119_455609_1,NZ_QRGP01000001.1
8TM_EpsH,NZ_JARULC010000001.1_922,5.5e-51,170.8,1,GCF_029688625.1,931095_932084_1,NZ_JARULC010000001.1
8TM_EpsH,NZ_CP114054.1_519,2.1e-57,191.6,1,GCF_026967575.1,535595_537151_-1,NZ_CP114054.1
8TM_EpsH,NZ_WTYK01000007.1_105,6.3e-52,173.8,1,GCF_009828065.1,114587_116077_-1,NZ_WTYK01000007.1
8TM_EpsH,NZ_CP078091.1_2427,2e-49,165.8,1,GCF_025917005.1,2595052_2596056_-1,NZ_CP078091.1
8TM_EpsH,CANKYK010000002.1_1048,2.6e-50,168.6,1,GCA_947488155.1,1089785_1090828_1,CANKYK010000002.1
8TM_EpsH,NZ_KQ954286.1_517,4.8e-51,171.4,1,GCF_001519055.1,605588_607129_-1,NZ_KQ954286.1
8TM_EpsH,NZ_JACHZX010000005.1_229,1.1e-39,134.2,1,GCF_014193845.1,266490_267410_1,NZ_JACHZX010000005.1
8TM_EpsH,NZ_LMPX01000001.1_607,3.5e-55,184.9,1,GCF_001424005.1,659388_660890_1,NZ_LMPX01000001.1
8TM_EpsH,NZ_JACYUG010000013.1_106,1.7e-33,113.9,1,GCF_014841615.1,91182_92180_1,NZ_JACYUG010000013.1
8TM_EpsH,NZ_RCWY01000001.1_645,1.1e-55,186.5,1,GCF_003688625.1,760658_762160_-1,NZ_RCWY01000001.1
8TM_EpsH,NZ_JAKVIO010000011.1_29,1.3e-61,206.0,1,GCF_022601895.1,32844_34388_1,NZ_JAKVIO010000011.1
8TM_EpsH,NZ_QLJH01000001.1_77,2.5e-35,119.9,1,GCF_003951315.1,104230_105186_1,NZ_QLJH01000001.1
8TM_EpsH,NZ_CP054856.1_160,4.8e-54,181.3,1,GCF_018417475.1,151394_152953_1,NZ_CP054856.1
8TM_EpsH,NZ_JACHLN010000002.1_925,3.7e-55,185.0,1,GCF_014204495.1,1053759_1055300_-1,NZ_JACHLN010000002.1
8TM_EpsH,NZ_JROH01000022.1_14,1.5e-53,179.4,1,GCF_000786205.1,13648_15183_1,NZ_JROH01000022.1
8TM_EpsH,NZ_JROH01000029.1_10,2.1e-36,123.2,1,GCF_000786205.1,6577_7446_-1,NZ_JROH01000029.1
8TM_EpsH,NZ_CP012669.1_1248,8.3e-51,170.1,1,GCF_001281485.1,1245046_1246074_-1,NZ_CP012669.1
8TM_EpsH,NZ_LMAF01000001.1_555,1.4e-45,153.1,1,GCF_001542875.1,600651_601682_-1,NZ_LMAF01000001.1
8TM_EpsH,NZ_JAPJZJ010000001.1_480,1.3e-53,179.1,1,GCF_028858515.1,492075_493631_1,NZ_JAPJZJ010000001.1
8TM_EpsH,NZ_CP016033.1_2546,9.4e-47,156.9,1,GCF_001663175.1,2751156_2752160_-1,NZ_CP016033.1
8TM_EpsH,NZ_CP060725.1_3352,5.2e-42,141.9,1,GCF_003797775.2,3546665_3548182_1,NZ_CP060725.1
8TM_EpsH,NZ_JANFAU010000002.1_84,9e-55,183.8,1,GCF_026130605.1,85111_86622_1,NZ_JANFAU010000002.1
8TM_EpsH,NZ_JANFAU010000017.1_12,1e-33,114.8,1,GCF_026130605.1,12395_13300_-1,NZ_JANFAU010000017.1
8TM_EpsH,NZ_JAKNQH010000001.1_146,1.6e-56,189.5,1,GCF_022662305.1,152100_153641_1,NZ_JAKNQH010000001.1
8TM_EpsH,NZ_JAKNQH010000019.1_25,8.1e-34,115.2,1,GCF_022662305.1,26472_27359_-1,NZ_JAKNQH010000019.1
8TM_EpsH,NZ_JAKNQH010000010.1_9,7.7e-27,92.3,1,GCF_022662305.1,8836_9741_-1,NZ_JAKNQH010000010.1
8TM_EpsH,NZ_LMQO01000001.1_946,9.9e-58,193.1,1,GCF_001425385.1,1064268_1065794_-1,NZ_LMQO01000001.1
8TM_EpsH,NZ_LMQO01000002.1_270,1.8e-15,54.7,1,GCF_001425385.1,313336_314091_1,NZ_LMQO01000002.1
8TM_EpsH,NZ_JADBDT010000001.1_1421,1.2e-46,157.1,1,GCF_014873485.1,1567934_1569412_-1,NZ_JADBDT010000001.1
8TM_EpsH,NZ_JADBDT010000001.1_818,3.5e-37,126.2,1,GCF_014873485.1,902803_903717_1,NZ_JADBDT010000001.1
8TM_EpsH,NZ_WTYB01000002.1_720,1.6e-48,162.7,1,GCF_009828055.1,757948_758952_-1,NZ_WTYB01000002.1
8TM_EpsH,NZ_JANQBK010000011.1_43,1.3e-58,196.1,1,GCF_025370105.1,35776_37314_-1,NZ_JANQBK010000011.1
8TM_EpsH,NZ_KQ954255.1_50,1.3e-47,160.3,1,GCF_001519065.1,54272_55819_1,NZ_KQ954255.1
8TM_EpsH,NZ_CP060717.1_290,2.7e-30,102.9,1,GCF_014396585.1,301354_301869_1,NZ_CP060717.1
8TM_EpsH,NZ_JAKUJY010000002.1_221,7e-52,174.2,1,GCF_022664535.1,241303_242835_-1,NZ_JAKUJY010000002.1
8TM_EpsH,NZ_JRQQ01000008.1_162,7.3e-53,177.1,1,GCF_001625325.1,169189_170751_1,NZ_JRQQ01000008.1
8TM_EpsH,NZ_LMKN01000001.1_285,6.7e-54,180.7,1,GCF_001421535.1,293998_295503_-1,NZ_LMKN01000001.1
8TM_EpsH,NZ_JFYV01000054.1_97,3.1e-56,188.4,1,GCF_000632225.1,106090_107589_1,NZ_JFYV01000054.1
8TM_EpsH,NZ_AUWY01000100.1_25,2.5e-54,182.3,1,GCF_000447205.1,26042_27577_1,NZ_AUWY01000100.1
8TM_EpsH,NZ_FOVZ01000001.1_507,2.6e-56,188.8,1,GCF_900115295.1,538341_539816_1,NZ_FOVZ01000001.1
8TM_EpsH,NZ_JAKNQJ010000004.1_190,1.9e-57,192.3,1,GCF_022662335.1,200936_202471_1,NZ_JAKNQJ010000004.1
8TM_EpsH,CANMZA010000001.1_855,2.3e-49,165.5,1,GCA_947502305.1,910801_911868_1,CANMZA010000001.1
8TM_EpsH,NZ_CP010836.1_2450,6.5e-56,187.6,1,GCF_000935025.1,2747975_2749519_-1,NZ_CP010836.1
8TM_EpsH,NZ_CP010836.1_1002,3e-15,54.4,1,GCF_000935025.1,1131649_1132434_-1,NZ_CP010836.1
8TM_EpsH,NZ_LT629743.1_805,1.8e-48,162.5,1,GCF_900105095.1,858371_859399_-1,NZ_LT629743.1
8TM_EpsH,NZ_BCTR01000021.1_117,1.9e-37,127.1,1,GCF_002091475.1,133758_134639_1,NZ_BCTR01000021.1
8TM_EpsH,NZ_CP029985.1_177,4.6e-55,184.4,1,GCF_003355005.1,174642_176165_-1,NZ_CP029985.1
8TM_EpsH,NZ_CP051131.1_590,7.5e-60,200.0,1,GCF_013378075.1,603408_604946_1,NZ_CP051131.1
8TM_EpsH,NZ_WTYL01000001.1_670,1.2e-52,176.2,1,GCF_009828115.1,651114_652676_1,NZ_WTYL01000001.1
8TM_EpsH,NZ_WTYL01000002.1_643,1.2e-37,127.2,1,GCF_009828115.1,700743_701369_-1,NZ_WTYL01000002.1
8TM_EpsH,NZ_WTYR01000001.1_670,2.3e-52,175.1,1,GCF_009827575.1,692295_693842_1,NZ_WTYR01000001.1
8TM_EpsH,NZ_CP129106.1_2495,3e-56,187.9,1,GCF_030406755.1,2484722_2486281_-1,NZ_CP129106.1
8TM_EpsH,NZ_JAPYKH010000006.1_119,3.7e-40,135.7,1,GCF_029623345.1,128331_129227_1,NZ_JAPYKH010000006.1
8TM_EpsH,NZ_CP115446.1_2230,4.7e-54,180.7,1,GCF_027912455.1,2366115_2367671_1,NZ_CP115446.1
8TM_EpsH,NZ_LR732469.1_59,2.4e-48,162.7,1,GCF_902506425.1,59839_61392_-1,NZ_LR732469.1
8TM_EpsH,NZ_JAAVVE010000008.1_70,1.4e-55,186.2,1,GCF_018449795.1,55159_56697_-1,NZ_JAAVVE010000008.1
8TM_EpsH,NZ_JAAVVE010000014.1_23,4.3e-38,129.0,1,GCF_018449795.1,21385_22263_-1,NZ_JAAVVE010000014.1
8TM_EpsH,JALJCR010000001.1_1518,7.7e-56,186.7,1,GCA_022953095.1,1554217_1555206_1,JALJCR010000001.1
8TM_EpsH,NZ_WTYX01000001.1_1208,6.5e-54,180.3,1,GCF_009827395.1,1272743_1274281_-1,NZ_WTYX01000001.1
8TM_EpsH,NZ_LNRZ01000001.1_169,9.6e-44,147.5,1,GCF_001468265.1,180244_181755_1,NZ_LNRZ01000001.1
8TM_EpsH,NZ_LNRZ01000008.1_20,2.1e-42,143.1,1,GCF_001468265.1,21563_22474_1,NZ_LNRZ01000008.1
8TM_EpsH,NZ_LNRZ01000001.1_216,1.5,6.1,0,GCF_001468265.1,240219_241358_1,NZ_LNRZ01000001.1
8TM_EpsH,NZ_CP013070.1_1410,2.8e-53,178.6,1,GCF_000264945.2,1487825_1489345_-1,NZ_CP013070.1
8TM_EpsH,NZ_LR701493.1_985,2.8e-54,181.6,1,GCF_902498785.1,1033867_1035396_1,NZ_LR701493.1
8TM_EpsH,NZ_WTZA01000001.1_551,6.1e-47,157.4,1,GCF_009827495.1,582077_583072_-1,NZ_WTZA01000001.1
8TM_EpsH,NZ_CP015986.1_451,3e-50,168.8,1,GCF_001658005.1,495713_497227_-1,NZ_CP015986.1
8TM_EpsH,NZ_JAPCZG010000001.1_520,2.6e-52,175.5,1,GCF_025938155.1,552673_554229_1,NZ_JAPCZG010000001.1
8TM_EpsH,BPKC01000001.1_680,7.1e-30,101.4,1,GCA_026004935.1,760927_761913_1,BPKC01000001.1
8TM_EpsH,NZ_CP081848.1_2694,5.6e-38,128.8,1,GCF_018982885.2,2899730_2900617_1,NZ_CP081848.1
8TM_EpsH,NZ_QAOG01000002.1_522,9.7e-56,186.7,1,GCF_003050705.1,568547_570022_1,NZ_QAOG01000002.1
8TM_EpsH,NZ_QAOG01000001.1_576,0.66,7.2,0,GCF_003050705.1,602637_603734_1,NZ_QAOG01000001.1
8TM_EpsH,NZ_CP018154.1_1217,5.7e-48,160.6,1,GCF_001889025.1,1324993_1326498_1,NZ_CP018154.1
8TM_EpsH,CANMND010000002.1_136,4.8e-62,206.8,1,GCA_947499155.1,158400_160022_1,CANMND010000002.1
8TM_EpsH,NZ_RCVT01000001.1_809,3.7e-54,181.5,1,GCF_016107325.1,805300_806826_1,NZ_RCVT01000001.1
8TM_EpsH,NZ_RCVT01000006.1_81,1.3e-39,133.9,1,GCF_016107325.1,97594_98469_1,NZ_RCVT01000006.1
8TM_EpsH,NZ_VOQR01000001.1_1519,2.6e-57,191.8,1,GCF_007995065.1,1692246_1693730_-1,NZ_VOQR01000001.1
8TM_EpsH,NZ_JACESP010000002.1_28,1.2e-58,196.1,1,GCF_013911755.1,30113_31648_1,NZ_JACESP010000002.1
8TM_EpsH,CANMGU010000001.1_1060,1.2e-54,183.0,1,GCA_947497455.1,1117671_1119221_1,CANMGU010000001.1
8TM_EpsH,CANMGU010000001.1_1334,5.5e-36,121.9,1,GCA_947497455.1,1381870_1382748_-1,CANMGU010000001.1
8TM_EpsH,JAILWQ010000003.1_146,4.6e-51,171.1,1,GCA_025698865.1,150803_151807_-1,JAILWQ010000003.1
8TM_EpsH,JAILWQ010000003.1_240,3.6e-21,73.2,1,GCA_025698865.1,248132_249010_-1,JAILWQ010000003.1
8TM_EpsH,NZ_CP090953.1_173,1.9e-54,182.4,1,GCF_021513175.1,168450_169982_1,NZ_CP090953.1
8TM_EpsH,NZ_CP090953.1_1976,1.7e-28,97.4,1,GCF_021513175.1,2136878_2137762_-1,NZ_CP090953.1
8TM_EpsH,NZ_JAKRET010000001.1_31,1.1e-56,190.0,1,GCF_022664395.1,31088_32608_1,NZ_JAKRET010000001.1
8TM_EpsH,NZ_FUYP01000011.1_8,1.6e-40,137.0,1,GCF_900168005.1,6608_8119_-1,NZ_FUYP01000011.1
8TM_EpsH,NZ_JANWOI010000002.1_323,1.2e-63,212.2,1,GCF_027920805.1,365641_367167_1,NZ_JANWOI010000002.1
8TM_EpsH,NZ_CP060782.1_538,5.4e-22,76.0,1,GCF_014489515.1,443171_443578_-1,NZ_CP060782.1
8TM_EpsH,NZ_CP060782.1_539,2.4e-13,47.6,1,GCF_014489515.1,443524_444078_-1,NZ_CP060782.1
8TM_EpsH,RHGM01000001.1_271,4.2e-47,158.2,1,GCA_003724185.1,268068_269072_-1,RHGM01000001.1
8TM_EpsH,NZ_VFSU01000029.1_93,7.8e-45,150.8,1,GCF_006385875.1,90154_91056_-1,NZ_VFSU01000029.1
8TM_EpsH,NZ_BCTW01000022.1_58,6.2e-49,164.5,1,GCF_001590965.1,66357_67922_1,NZ_BCTW01000022.1
8TM_EpsH,NZ_BCTW01000005.1_62,3.1e-35,119.7,1,GCF_001590965.1,60912_61874_1,NZ_BCTW01000005.1
8TM_EpsH,NZ_WSUT01000005.1_1773,2.2e-52,175.7,1,GCF_009789535.1,1868768_1870240_1,NZ_WSUT01000005.1
8TM_EpsH,NZ_JAOAMV010000003.1_122,3.7e-50,168.0,1,GCF_025154015.1,129042_130034_-1,NZ_JAOAMV010000003.1
8TM_EpsH,NZ_JAOAMV010000001.1_423,0.0019,15.1,1,GCF_025154015.1,475473_476876_1,NZ_JAOAMV010000001.1
8TM_EpsH,NZ_JACIEU010000011.1_183,2.9e-52,175.9,1,GCF_014197035.1,172449_173984_-1,NZ_JACIEU010000011.1
8TM_EpsH,NZ_LMJY01000012.1_87,1.3e-52,176.4,1,GCF_001421325.1,95576_97135_-1,NZ_LMJY01000012.1
8TM_EpsH,NZ_LMJY01000020.1_11,5.3e-05,20.5,1,GCF_001421325.1,14031_15326_1,NZ_LMJY01000020.1
8TM_EpsH,NZ_BMLK01000021.1_21,1.1e-48,163.9,1,GCF_014645195.1,22254_23816_1,NZ_BMLK01000021.1
8TM_EpsH,NZ_CP049109.1_2645,6.6e-58,193.8,1,GCF_011057975.1,2714950_2716485_-1,NZ_CP049109.1
8TM_EpsH,NZ_BMJM01000002.1_160,8.6e-38,127.7,1,GCF_014643455.1,175362_176201_1,NZ_BMJM01000002.1
8TM_EpsH,NZ_SDWJ01000001.1_1474,1.3e-54,182.5,1,GCF_009769755.1,1580004_1581590_-1,NZ_SDWJ01000001.1
8TM_EpsH,NZ_QDFY01000001.1_470,3.6e-55,185.1,1,GCF_003347635.1,502584_504158_1,NZ_QDFY01000001.1
8TM_EpsH,NZ_FXWG01000003.1_684,6.1e-53,177.2,1,GCF_900177715.1,726039_727067_-1,NZ_FXWG01000003.1
8TM_EpsH,NZ_JAMXSR020000002.1_1105,2.5e-54,182.5,1,GCF_024124765.2,1053623_1054633_-1,NZ_JAMXSR020000002.1
8TM_EpsH,NZ_JAMXSR020000003.1_196,3.9e-31,106.6,1,GCF_024124765.2,190423_191250_-1,NZ_JAMXSR020000003.1
8TM_EpsH,LT702999.1_2276,2.8e-46,155.3,1,GCA_900149685.1,2411455_2412486_1,LT702999.1
8TM_EpsH,NZ_JACONT010000001.1_114,0.13,9.5,0,GCF_014358075.1,127095_128144_-1,NZ_JACONT010000001.1
8TM_EpsH,NZ_JAGRQC010000001.1_1049,1.9e-60,201.8,1,GCF_018122655.1,1119558_1121099_-1,NZ_JAGRQC010000001.1
8TM_EpsH,NZ_LDTF01000076.1_13,4.6e-54,181.1,1,GCF_001477495.1,9430_10938_-1,NZ_LDTF01000076.1
8TM_EpsH,NZ_JAPZQX010000003.1_495,2.6e-52,175.1,1,GCF_027531025.1,529047_530594_1,NZ_JAPZQX010000003.1
8TM_EpsH,NZ_JALPNF010000001.1_679,8.5e-57,190.1,1,GCF_023195535.1,840620_842110_-1,NZ_JALPNF010000001.1
8TM_EpsH,NZ_JOOE01000001.1_856,2.8e-56,188.5,1,GCF_000712135.1,901253_902788_-1,NZ_JOOE01000001.1
8TM_EpsH,NZ_JACLAX010000009.1_74,3.1e-52,175.1,1,GCF_014230355.1,87533_89095_1,NZ_JACLAX010000009.1
8TM_EpsH,NZ_JACLAX010000002.1_209,9.1e-39,131.0,1,GCF_014230355.1,265236_266180_1,NZ_JACLAX010000002.1
8TM_EpsH,NZ_LSHP01000145.1_20,1.2e-51,173.3,1,GCF_001555775.1,21024_22571_-1,NZ_LSHP01000145.1
8TM_EpsH,NZ_CP065138.1_1321,1.4e-50,170.0,1,GCF_015693305.1,1299763_1301298_-1,NZ_CP065138.1
8TM_EpsH,NZ_CP065138.1_2482,0.032,11.6,0,GCF_015693305.1,2489207_2489656_1,NZ_CP065138.1
8TM_EpsH,NZ_JADQDC010000002.1_432,3.9e-51,171.6,1,GCF_015694345.1,472397_473965_-1,NZ_JADQDC010000002.1
8TM_EpsH,NZ_JADQDC010000001.1_295,0.0004,17.7,1,GCF_015694345.1,321006_322700_-1,NZ_JADQDC010000001.1
8TM_EpsH,NZ_JAASQK010000001.1_699,2.1e-56,188.8,1,GCF_011762195.1,751698_753227_1,NZ_JAASQK010000001.1
8TM_EpsH,NZ_PZZN01000002.1_804,9.1e-55,183.3,1,GCF_003046295.1,876166_877671_1,NZ_PZZN01000002.1
8TM_EpsH,NZ_PZZN01000001.1_403,4.4e-42,141.8,1,GCF_003046295.1,425784_426677_-1,NZ_PZZN01000001.1
8TM_EpsH,NZ_LMIV01000001.1_1861,7.2e-56,187.1,1,GCF_001428865.1,1994247_1995782_-1,NZ_LMIV01000001.1
8TM_EpsH,NZ_CP051130.1_785,8.3e-57,189.8,1,GCF_013378055.1,843669_845207_1,NZ_CP051130.1
8TM_EpsH,NZ_RWJF01000001.1_2345,1.1e-40,137.0,1,GCF_003970925.1,2476816_2477619_-1,NZ_RWJF01000001.1
8TM_EpsH,NZ_CP107048.1_984,5.2e-59,196.9,1,GCF_025736935.1,1031584_1032573_-1,NZ_CP107048.1
8TM_EpsH,NZ_LMLP01000001.1_56,7.2e-56,187.1,1,GCF_001421965.1,48839_50359_-1,NZ_LMLP01000001.1
8TM_EpsH,NZ_BMZA01000009.1_44,5.9e-47,157.8,1,GCF_014652555.1,52378_53937_-1,NZ_BMZA01000009.1
8TM_EpsH,NZ_JASCXI010000001.1_264,1.3e-49,166.4,1,GCF_030271515.1,266667_267671_1,NZ_JASCXI010000001.1
8TM_EpsH,NZ_WQMS01000007.1_148,4e-39,132.1,1,GCF_009753715.1,148347_149225_-1,NZ_WQMS01000007.1
8TM_EpsH,NZ_JALJZT010000002.1_217,2.9e-58,194.6,1,GCF_024171405.1,225493_226476_1,NZ_JALJZT010000002.1
8TM_EpsH,SCNT01000004.1_2,3e-44,149.2,1,GCA_005503165.1,2080_3591_-1,SCNT01000004.1
8TM_EpsH,NZ_CP133016.1_2390,8.2e-40,134.1,1,GCF_030866745.1,2353990_2354904_-1,NZ_CP133016.1
8TM_EpsH,NZ_CP133016.1_1593,0.0036,14.1,1,GCF_030866745.1,1564510_1565850_1,NZ_CP133016.1
8TM_EpsH,NZ_CP092471.1_2401,5.5e-50,167.4,1,GCF_026168555.1,2451954_2452964_-1,NZ_CP092471.1
8TM_EpsH,NZ_CP092471.1_2498,1.6e-19,67.7,1,GCF_026168555.1,2555993_2556877_-1,NZ_CP092471.1
8TM_EpsH,NZ_JANZXA010000006.1_99,1e-52,177.0,1,GCF_025153475.1,102197_103759_1,NZ_JANZXA010000006.1
8TM_EpsH,NZ_JAATJE010000001.1_1168,8.3e-38,127.6,1,GCF_011927695.1,1178371_1179303_1,NZ_JAATJE010000001.1
8TM_EpsH,NZ_LMID01000015.1_149,1.9e-42,143.6,1,GCF_001428605.1,159542_160450_1,NZ_LMID01000015.1
8TM_EpsH,NZ_LMID01000014.1_183,0.0024,15.6,1,GCF_001428605.1,199818_201122_-1,NZ_LMID01000014.1
